Analysis by Brandon Lampe, performed on: 2016/07/13 08:55:47
Experimental results below begin at: 2016/06/23 09:51:57
Duration (sec),Duration (day),Elapsed Time (sec),Elapsed Time (day),Interpolated Fractional Density,Fit to Fractional Density,Fit to Volume Strain,Fit to Volume Strain Rate (1/sec),Confining Pressure (MPa),Pore Pressure (MPa),Terzaghi Pressure (MPa),Solid Pressure (MPa),Temperature (C))
6.567955e+06,7.601800e+01,0.000000e+00,0.000000e+00,8.241133e-01,8.244640e-01,4.254535e-04,-5.855766e-06,2.964008e+01,-1.104979e-01,2.975058e+01,3.598961e+01,2.095833e+01
6.567965e+06,7.601812e+01,1.001739e+01,1.159420e-04,8.240496e-01,8.244156e-01,3.667940e-04,-4.683606e-06,2.940296e+01,-1.104979e-01,2.951346e+01,3.570465e+01,2.090000e+01
6.567975e+06,7.601823e+01,2.003478e+01,2.318841e-04,8.240263e-01,8.243866e-01,3.316185e-04,-3.693136e-06,2.926077e+01,-1.104979e-01,2.937127e+01,3.553311e+01,2.090000e+01
6.567985e+06,7.601835e+01,3.005217e+01,3.478261e-04,8.239956e-01,8.243546e-01,2.928028e-04,-4.266174e-06,2.910388e+01,-1.104979e-01,2.921438e+01,3.534403e+01,2.090000e+01
6.567995e+06,7.601846e+01,4.006957e+01,4.637681e-04,8.239629e-01,8.243162e-01,2.461466e-04,-4.536485e-06,2.891530e+01,-1.133489e-01,2.902865e+01,3.511718e+01,2.090000e+01
6.568005e+06,7.601858e+01,5.008696e+01,5.797101e-04,8.239227e-01,8.242797e-01,2.019153e-04,-4.159430e-06,2.873654e+01,-1.139853e-01,2.885052e+01,3.490207e+01,2.090000e+01
6.568015e+06,7.601870e+01,6.010435e+01,6.956522e-04,8.238976e-01,8.242475e-01,1.628133e-04,-3.923982e-06,2.857851e+01,-1.104979e-01,2.868900e+01,3.471058e+01,2.090000e+01
6.568025e+06,7.601881e+01,7.012174e+01,8.115942e-04,8.238687e-01,8.242149e-01,1.232992e-04,-4.194034e-06,2.841882e+01,-1.104979e-01,2.852931e+01,3.451797e+01,2.085700e+01
6.568035e+06,7.601893e+01,8.013913e+01,9.275362e-04,8.238687e-01,8.241782e-01,7.878674e-05,-4.397962e-06,2.823893e+01,-1.104979e-01,2.834943e+01,3.429964e+01,2.084321e+01
6.568045e+06,7.601904e+01,9.015652e+01,1.043478e-03,8.238444e-01,8.241423e-01,3.518696e-05,-4.242663e-06,2.806275e+01,-1.104979e-01,2.817325e+01,3.408679e+01,2.085543e+01
6.568055e+06,7.601916e+01,1.001739e+02,1.159420e-03,8.238141e-01,8.241082e-01,-6.214094e-06,-4.111077e-06,2.789546e+01,-1.104979e-01,2.800595e+01,3.388498e+01,2.075507e+01
6.568065e+06,7.601928e+01,1.101913e+02,1.275362e-03,8.237909e-01,8.240744e-01,-4.717757e-05,-4.024696e-06,2.772994e+01,-1.104979e-01,2.784043e+01,3.368501e+01,2.070000e+01
6.568075e+06,7.601939e+01,1.202087e+02,1.391304e-03,8.237596e-01,8.240417e-01,-8.684801e-05,-4.106811e-06,2.756965e+01,-1.104979e-01,2.768015e+01,3.349172e+01,2.070000e+01
6.568085e+06,7.601951e+01,1.302261e+02,1.507246e-03,8.237338e-01,8.240066e-01,-1.294566e-04,-4.198860e-06,2.739750e+01,-1.104979e-01,2.750800e+01,3.328378e+01,2.070000e+01
6.568095e+06,7.601962e+01,1.402435e+02,1.623188e-03,8.237056e-01,8.239724e-01,-1.709713e-04,-4.103167e-06,2.722977e+01,-1.104979e-01,2.734027e+01,3.308130e+01,2.070000e+01
6.568105e+06,7.601974e+01,1.502609e+02,1.739130e-03,8.237056e-01,8.239389e-01,-2.116627e-04,-4.144368e-06,2.706538e+01,-1.104979e-01,2.717588e+01,3.288172e+01,2.070000e+01
6.568115e+06,7.601986e+01,1.602783e+02,1.855072e-03,8.236806e-01,8.239040e-01,-2.540028e-04,-4.268169e-06,2.689433e+01,-1.104979e-01,2.700483e+01,3.267507e+01,2.065411e+01
6.568125e+06,7.601997e+01,1.702957e+02,1.971014e-03,8.236511e-01,8.238684e-01,-2.971745e-04,-4.196433e-06,2.671994e+01,-1.104979e-01,2.683043e+01,3.246450e+01,2.060000e+01
6.568136e+06,7.602009e+01,1.803130e+02,2.086957e-03,8.236272e-01,8.238347e-01,-3.380774e-04,-3.951457e-06,2.655471e+01,-1.104979e-01,2.666521e+01,3.226484e+01,2.060000e+01
6.568146e+06,7.602020e+01,1.903304e+02,2.202899e-03,8.235965e-01,8.238032e-01,-3.763411e-04,-4.012927e-06,2.640015e+01,-1.104979e-01,2.651065e+01,3.207838e+01,2.060000e+01
6.568156e+06,7.602032e+01,2.003478e+02,2.318841e-03,8.235965e-01,8.237685e-01,-4.184755e-04,-4.459824e-06,2.622996e+01,-1.104979e-01,2.634046e+01,3.187174e+01,2.060000e+01
6.568166e+06,7.602043e+01,2.103652e+02,2.434783e-03,8.235716e-01,8.237296e-01,-4.656927e-04,-4.445873e-06,2.603926e+01,-1.104979e-01,2.614975e+01,3.164115e+01,2.055435e+01
6.568176e+06,7.602055e+01,2.203826e+02,2.550725e-03,8.235420e-01,8.236951e-01,-5.075476e-04,-3.993613e-06,2.587021e+01,-1.134320e-01,2.598365e+01,3.143766e+01,2.050000e+01
6.568186e+06,7.602067e+01,2.304000e+02,2.666667e-03,8.235420e-01,8.236637e-01,-5.457039e-04,-3.920903e-06,2.571611e+01,-1.138561e-01,2.582997e+01,3.125063e+01,2.050000e+01
6.568196e+06,7.602078e+01,2.404174e+02,2.782609e-03,8.235074e-01,8.236304e-01,-5.861021e-04,-4.302883e-06,2.555297e+01,-1.135410e-01,2.566651e+01,3.105377e+01,2.050000e+01
6.568206e+06,7.602090e+01,2.504348e+02,2.898551e-03,8.234697e-01,8.235927e-01,-6.319112e-04,-4.388492e-06,2.536798e+01,-1.137562e-01,2.548173e+01,3.083059e+01,2.050000e+01
6.568216e+06,7.602101e+01,2.604522e+02,3.014493e-03,8.234471e-01,8.235580e-01,-6.740245e-04,-3.941813e-06,2.519792e+01,-1.104979e-01,2.530842e+01,3.062422e+01,2.050000e+01
6.568226e+06,7.602113e+01,2.704696e+02,3.130435e-03,8.234158e-01,8.235276e-01,-7.108846e-04,-3.170214e-06,2.504908e+01,-1.104979e-01,2.515958e+01,3.044464e+01,2.046324e+01
6.568236e+06,7.602125e+01,2.804870e+02,3.246377e-03,8.233928e-01,8.235057e-01,-7.375391e-04,-1.403429e-06,2.494145e+01,-1.131805e-01,2.505464e+01,3.031535e+01,2.040000e+01
6.568246e+06,7.602136e+01,2.905043e+02,3.362319e-03,8.233612e-01,8.235045e-01,-7.390020e-04,1.425520e-07,2.493555e+01,-1.138344e-01,2.504938e+01,3.030949e+01,2.040000e+01
6.568256e+06,7.602148e+01,3.005217e+02,3.478261e-03,8.233877e-01,8.235080e-01,-7.346831e-04,3.362191e-07,2.495299e+01,-1.135871e-01,2.506657e+01,3.032963e+01,2.040000e+01
6.568266e+06,7.602159e+01,3.105391e+02,3.594203e-03,8.234158e-01,8.235100e-01,-7.322659e-04,2.001772e-07,2.496275e+01,-1.137254e-01,2.507647e+01,3.034048e+01,2.040000e+01
6.568276e+06,7.602171e+01,3.205565e+02,3.710145e-03,8.234428e-01,8.235113e-01,-7.306726e-04,1.186482e-07,2.496918e+01,-1.104979e-01,2.507968e+01,3.034660e+01,2.040000e+01
6.568286e+06,7.602183e+01,3.305739e+02,3.826087e-03,8.234464e-01,8.235120e-01,-7.298888e-04,2.006833e-07,2.497234e+01,-1.104979e-01,2.508284e+01,3.035031e+01,2.044314e+01
6.568296e+06,7.602194e+01,3.405913e+02,3.942029e-03,8.234364e-01,8.235147e-01,-7.266519e-04,1.275329e-06,2.498541e+01,-1.129290e-01,2.509834e+01,3.036707e+01,2.050000e+01
6.568306e+06,7.602206e+01,3.506087e+02,4.057971e-03,8.235012e-01,8.235330e-01,-7.043379e-04,3.756506e-06,2.507552e+01,-1.140859e-01,2.518960e+01,3.047433e+01,2.050000e+01
6.568316e+06,7.602217e+01,3.606261e+02,4.173913e-03,8.235687e-01,8.235766e-01,-6.513912e-04,5.312455e-06,2.528931e+01,-1.104979e-01,2.539981e+01,3.073066e+01,2.050000e+01
6.568326e+06,7.602229e+01,3.706435e+02,4.289855e-03,8.235965e-01,8.236207e-01,-5.979040e-04,4.532420e-06,2.550531e+01,-1.104979e-01,2.561581e+01,3.099187e+01,2.050000e+01
6.568336e+06,7.602241e+01,3.806609e+02,4.405797e-03,8.236242e-01,8.236514e-01,-5.605851e-04,3.989031e-06,2.565602e+01,-1.104979e-01,2.576651e+01,3.117381e+01,2.055072e+01
6.568346e+06,7.602252e+01,3.906783e+02,4.521739e-03,8.236791e-01,8.236865e-01,-5.179846e-04,4.498191e-06,2.582806e+01,-1.104979e-01,2.593856e+01,3.138060e+01,2.060000e+01
6.568356e+06,7.602264e+01,4.006957e+02,4.637681e-03,8.237056e-01,8.237257e-01,-4.704648e-04,4.429474e-06,2.601998e+01,-1.104979e-01,2.613048e+01,3.161258e+01,2.064437e+01
6.568366e+06,7.602275e+01,4.107130e+02,4.753623e-03,8.237270e-01,8.237596e-01,-4.292411e-04,3.927011e-06,2.618648e+01,-1.104979e-01,2.629698e+01,3.181389e+01,2.070000e+01
6.568376e+06,7.602287e+01,4.207304e+02,4.869565e-03,8.238047e-01,8.237905e-01,-3.917880e-04,4.113010e-06,2.633776e+01,-1.131260e-01,2.645088e+01,3.199507e+01,2.070000e+01
6.568386e+06,7.602299e+01,4.307478e+02,4.985507e-03,8.238439e-01,8.238275e-01,-3.468378e-04,4.336440e-06,2.651932e+01,-1.139652e-01,2.663329e+01,3.221411e+01,2.070000e+01
6.568396e+06,7.602310e+01,4.407652e+02,5.101449e-03,8.238421e-01,8.238620e-01,-3.049084e-04,4.010150e-06,2.668869e+01,-1.137562e-01,2.680245e+01,3.241973e+01,2.075121e+01
6.568406e+06,7.602322e+01,4.507826e+02,5.217391e-03,8.238969e-01,8.238937e-01,-2.664953e-04,4.162226e-06,2.684387e+01,-1.135410e-01,2.695741e+01,3.260586e+01,2.080000e+01
6.568416e+06,7.602333e+01,4.608000e+02,5.333333e-03,8.239227e-01,8.239307e-01,-2.215191e-04,4.460151e-06,2.702556e+01,-1.104979e-01,2.713606e+01,3.282470e+01,2.085278e+01
6.568426e+06,7.602345e+01,4.708174e+02,5.449275e-03,8.239805e-01,8.239673e-01,-1.771372e-04,4.234496e-06,2.720486e+01,-1.104979e-01,2.731536e+01,3.303999e+01,2.090000e+01
6.568436e+06,7.602357e+01,4.808348e+02,5.565217e-03,8.240496e-01,8.240007e-01,-1.366819e-04,3.892867e-06,2.736831e+01,-1.104979e-01,2.747880e+01,3.323556e+01,2.090000e+01
6.568446e+06,7.602368e+01,4.908522e+02,5.681159e-03,8.240729e-01,8.240316e-01,-9.914442e-05,4.076141e-06,2.751997e+01,-1.132106e-01,2.763318e+01,3.341923e+01,2.090000e+01
6.568456e+06,7.602380e+01,5.008696e+02,5.797101e-03,8.241276e-01,8.240679e-01,-5.501729e-05,4.329012e-06,2.769826e+01,-1.141362e-01,2.781240e+01,3.363355e+01,2.094282e+01
6.568466e+06,7.602391e+01,5.108870e+02,5.913043e-03,8.241588e-01,8.241031e-01,-1.241362e-05,4.116038e-06,2.787040e+01,-1.104979e-01,2.798090e+01,3.384037e+01,2.100000e+01
6.568476e+06,7.602403e+01,5.209043e+02,6.028986e-03,8.241880e-01,8.241359e-01,2.744665e-05,4.027351e-06,2.803147e+01,-1.104979e-01,2.814197e+01,3.403459e+01,2.100000e+01
6.568486e+06,7.602414e+01,5.309217e+02,6.144928e-03,8.242426e-01,8.241696e-01,6.827349e-05,4.143353e-06,2.819645e+01,-1.104979e-01,2.830695e+01,3.423248e+01,2.105411e+01
6.568496e+06,7.602426e+01,5.409391e+02,6.260870e-03,8.242674e-01,8.242043e-01,1.104578e-04,3.897743e-06,2.836692e+01,-1.104979e-01,2.847742e+01,3.443827e+01,2.110000e+01
6.568506e+06,7.602438e+01,5.509565e+02,6.376812e-03,8.242674e-01,8.242339e-01,1.463639e-04,3.800390e-06,2.851203e+01,-1.104979e-01,2.862253e+01,3.461431e+01,2.114734e+01
6.568516e+06,7.602449e+01,5.609739e+02,6.492754e-03,8.242914e-01,8.242671e-01,1.865978e-04,4.381841e-06,2.867463e+01,-1.104979e-01,2.878513e+01,3.481056e+01,2.120000e+01
6.568526e+06,7.602461e+01,5.709913e+02,6.608696e-03,8.243461e-01,8.243063e-01,2.341532e-04,4.253108e-06,2.886683e+01,-1.104979e-01,2.897733e+01,3.504140e+01,2.120000e+01
6.568536e+06,7.602472e+01,5.810087e+02,6.724638e-03,8.243766e-01,8.243373e-01,2.718079e-04,3.862057e-06,2.901902e+01,-1.133950e-01,2.913242e+01,3.522533e+01,2.120000e+01
6.568546e+06,7.602484e+01,5.910261e+02,6.840580e-03,8.244039e-01,8.243701e-01,3.115286e-04,4.195882e-06,2.917957e+01,-1.136424e-01,2.929321e+01,3.541896e+01,2.120000e+01
6.568556e+06,7.602496e+01,6.010435e+02,6.956522e-03,8.244306e-01,8.244066e-01,3.558715e-04,4.607710e-06,2.935881e+01,-1.104979e-01,2.946931e+01,3.563454e+01,2.125543e+01
6.568566e+06,7.602507e+01,6.110609e+02,7.072464e-03,8.244686e-01,8.244462e-01,4.038431e-04,4.609807e-06,2.955272e+01,-1.104979e-01,2.966322e+01,3.586810e+01,2.130000e+01
6.568576e+06,7.602519e+01,6.210783e+02,7.188406e-03,8.245036e-01,8.244828e-01,4.482280e-04,4.127350e-06,2.973215e+01,-1.135948e-01,2.984574e+01,3.608484e+01,2.130000e+01
6.568586e+06,7.602530e+01,6.310957e+02,7.304348e-03,8.245281e-01,8.245143e-01,4.865336e-04,3.187262e-06,2.988700e+01,-1.139790e-01,3.000098e+01,3.627166e+01,2.130000e+01
6.568596e+06,7.602542e+01,6.411130e+02,7.420290e-03,8.245576e-01,8.245354e-01,5.120841e-04,1.454611e-06,2.999030e+01,-1.104979e-01,3.010079e+01,3.639489e+01,2.134572e+01
6.568606e+06,7.602554e+01,6.511304e+02,7.536232e-03,8.245323e-01,8.245384e-01,5.156765e-04,8.233222e-08,3.000482e+01,-1.104979e-01,3.011532e+01,3.641362e+01,2.140000e+01
6.568616e+06,7.602565e+01,6.611478e+02,7.652174e-03,8.245318e-01,8.245368e-01,5.137336e-04,-1.344396e-07,2.999697e+01,-1.104979e-01,3.010746e+01,3.640412e+01,2.140000e+01
6.568626e+06,7.602577e+01,6.711652e+02,7.768116e-03,8.245576e-01,8.245362e-01,5.129830e-04,-1.220053e-07,2.999393e+01,-1.104979e-01,3.010443e+01,3.639930e+01,2.140000e+01
6.568636e+06,7.602588e+01,6.811826e+02,7.884058e-03,8.245576e-01,8.245348e-01,5.112892e-04,-1.583713e-07,2.998708e+01,-1.104979e-01,3.009758e+01,3.639099e+01,2.140000e+01
6.568646e+06,7.602600e+01,6.912000e+02,8.000000e-03,8.245576e-01,8.245335e-01,5.098101e-04,-1.476605e-07,2.998110e+01,-1.104979e-01,3.009160e+01,3.638374e+01,2.140000e+01
6.568656e+06,7.602612e+01,7.012174e+02,8.115942e-03,8.245576e-01,8.245323e-01,5.083309e-04,-8.655825e-07,2.997512e+01,-1.104979e-01,3.008562e+01,3.637649e+01,2.140000e+01
6.568666e+06,7.602623e+01,7.112348e+02,8.231884e-03,8.245343e-01,8.245192e-01,4.924683e-04,-3.268855e-06,2.991099e+01,-1.104979e-01,3.002149e+01,3.629974e+01,2.140000e+01
6.568676e+06,7.602635e+01,7.212522e+02,8.347826e-03,8.244718e-01,8.244783e-01,4.428401e-04,-5.849879e-06,2.971037e+01,-1.132643e-01,2.982363e+01,3.605975e+01,2.135652e+01
6.568686e+06,7.602646e+01,7.312696e+02,8.463768e-03,8.244064e-01,8.244226e-01,3.752672e-04,-6.031292e-06,2.943721e+01,-1.140097e-01,2.955122e+01,3.573144e+01,2.130000e+01
6.568696e+06,7.602658e+01,7.412870e+02,8.579710e-03,8.243494e-01,8.243787e-01,3.220045e-04,-4.780014e-06,2.922191e+01,-1.104979e-01,2.933241e+01,3.547200e+01,2.130000e+01
6.568707e+06,7.602670e+01,7.513043e+02,8.695652e-03,8.242921e-01,8.243437e-01,2.795007e-04,-4.056174e-06,2.905011e+01,-1.104979e-01,2.916061e+01,3.526605e+01,2.130000e+01
6.568717e+06,7.602681e+01,7.613217e+02,8.811594e-03,8.242674e-01,8.243117e-01,2.407399e-04,-3.909802e-06,2.889345e+01,-1.104979e-01,2.900395e+01,3.507705e+01,2.130000e+01
6.568727e+06,7.602693e+01,7.713391e+02,8.927536e-03,8.242415e-01,8.242791e-01,2.011686e-04,-3.969654e-06,2.873352e+01,-1.104979e-01,2.884402e+01,3.488412e+01,2.125205e+01
6.568737e+06,7.602704e+01,7.813565e+02,9.043478e-03,8.241890e-01,8.242462e-01,1.612087e-04,-4.052402e-06,2.857202e+01,-1.133335e-01,2.868535e+01,3.469101e+01,2.120000e+01
6.568747e+06,7.602716e+01,7.913739e+02,9.159420e-03,8.241588e-01,8.242122e-01,1.199797e-04,-4.148644e-06,2.840540e+01,-1.140021e-01,2.851940e+01,3.449026e+01,2.120000e+01
6.568757e+06,7.602728e+01,8.013913e+02,9.275362e-03,8.241336e-01,8.241776e-01,7.809154e-05,-4.117008e-06,2.823613e+01,-1.134334e-01,2.834956e+01,3.428579e+01,2.120000e+01
6.568767e+06,7.602739e+01,8.114087e+02,9.391304e-03,8.241042e-01,8.241442e-01,3.749630e-05,-4.237235e-06,2.807208e+01,-1.138931e-01,2.818597e+01,3.408806e+01,2.120000e+01
6.568777e+06,7.602751e+01,8.214261e+02,9.507246e-03,8.240758e-01,8.241077e-01,-6.800534e-06,-4.555849e-06,2.789309e+01,-1.104979e-01,2.800358e+01,3.387131e+01,2.114796e+01
6.568787e+06,7.602762e+01,8.314435e+02,9.623188e-03,8.240186e-01,8.240690e-01,-5.377914e-05,-4.290472e-06,2.770326e+01,-1.104979e-01,2.781376e+01,3.364330e+01,2.110000e+01
6.568797e+06,7.602774e+01,8.414609e+02,9.739130e-03,8.239956e-01,8.240368e-01,-9.275921e-05,-3.743191e-06,2.754577e+01,-1.104979e-01,2.765626e+01,3.345311e+01,2.110000e+01
6.568807e+06,7.602786e+01,8.514783e+02,9.855072e-03,8.239621e-01,8.240072e-01,-1.287732e-04,-3.940353e-06,2.740026e+01,-1.104979e-01,2.751076e+01,3.327788e+01,2.105411e+01
6.568817e+06,7.602797e+01,8.614957e+02,9.971014e-03,8.239227e-01,8.239718e-01,-1.717033e-04,-4.309578e-06,2.722681e+01,-1.104979e-01,2.733731e+01,3.306897e+01,2.100000e+01
6.568827e+06,7.602809e+01,8.715130e+02,1.008696e-02,8.238971e-01,8.239360e-01,-2.151146e-04,-4.276898e-06,2.705143e+01,-1.104979e-01,2.716193e+01,3.285713e+01,2.100000e+01
6.568837e+06,7.602820e+01,8.815304e+02,1.020290e-02,8.238687e-01,8.239012e-01,-2.573901e-04,-4.268707e-06,2.688065e+01,-1.104979e-01,2.699115e+01,3.265097e+01,2.100000e+01
6.568847e+06,7.602832e+01,8.915478e+02,1.031884e-02,8.238419e-01,8.238656e-01,-3.006372e-04,-4.377097e-06,2.670595e+01,-1.104979e-01,2.681645e+01,3.243998e+01,2.100000e+01
6.568857e+06,7.602843e+01,9.015652e+02,1.043478e-02,8.237843e-01,8.238289e-01,-3.450842e-04,-4.313121e-06,2.652641e+01,-1.104979e-01,2.663691e+01,3.222431e+01,2.100000e+01
6.568867e+06,7.602855e+01,9.115826e+02,1.055072e-02,8.237596e-01,8.237944e-01,-3.870497e-04,-4.042319e-06,2.635690e+01,-1.104979e-01,2.646740e+01,3.201950e+01,2.094560e+01
6.568877e+06,7.602867e+01,9.216000e+02,1.066667e-02,8.237341e-01,8.237622e-01,-4.260712e-04,-4.095895e-06,2.619929e+01,-1.104979e-01,2.630978e+01,3.182916e+01,2.090000e+01
6.568887e+06,7.602878e+01,9.316174e+02,1.078261e-02,8.237056e-01,8.237268e-01,-4.691101e-04,-4.310444e-06,2.602545e+01,-1.104979e-01,2.613595e+01,3.161923e+01,2.090000e+01
6.568897e+06,7.602890e+01,9.416348e+02,1.089855e-02,8.237056e-01,8.236911e-01,-5.124300e-04,-4.158771e-06,2.585050e+01,-1.104979e-01,2.596099e+01,3.140682e+01,2.090000e+01
6.568907e+06,7.602901e+01,9.516522e+02,1.101449e-02,8.236516e-01,8.236581e-01,-5.524301e-04,-3.993702e-06,2.568895e+01,-1.104979e-01,2.579945e+01,3.121276e+01,2.090000e+01
6.568917e+06,7.602913e+01,9.616696e+02,1.113043e-02,8.235965e-01,8.236252e-01,-5.924430e-04,-4.181380e-06,2.552736e+01,-1.104979e-01,2.563786e+01,3.101865e+01,2.084964e+01
6.568927e+06,7.602925e+01,9.716870e+02,1.124638e-02,8.235965e-01,8.235891e-01,-6.362031e-04,-4.229201e-06,2.535065e+01,-1.104979e-01,2.546114e+01,3.080409e+01,2.080000e+01
6.568937e+06,7.602936e+01,9.817043e+02,1.136232e-02,8.235662e-01,8.235554e-01,-6.771741e-04,-3.946346e-06,2.518520e+01,-1.104979e-01,2.529570e+01,3.060434e+01,2.080000e+01
6.568947e+06,7.602948e+01,9.917217e+02,1.147826e-02,8.235420e-01,8.235240e-01,-7.152673e-04,-3.077669e-06,2.503138e+01,-1.104979e-01,2.514188e+01,3.041846e+01,2.080000e+01
6.568957e+06,7.602959e+01,1.001739e+03,1.159420e-02,8.235420e-01,8.235046e-01,-7.388345e-04,-1.177911e-06,2.493622e+01,-1.104979e-01,2.504672e+01,3.030291e+01,2.080000e+01
6.568967e+06,7.602971e+01,1.011757e+03,1.171014e-02,8.235058e-01,8.235046e-01,-7.388665e-04,1.706516e-07,2.493609e+01,-1.136870e-01,2.504978e+01,3.030478e+01,2.080000e+01
6.568977e+06,7.602983e+01,1.021774e+03,1.182609e-02,8.234697e-01,8.235074e-01,-7.354156e-04,2.520890e-07,2.495003e+01,-1.168607e-01,2.506689e+01,3.032371e+01,2.074901e+01
6.568987e+06,7.602994e+01,1.031791e+03,1.194203e-02,8.235071e-01,8.235088e-01,-7.338160e-04,1.181431e-07,2.495649e+01,-1.135717e-01,2.507006e+01,3.032947e+01,2.075169e+01
6.568997e+06,7.603006e+01,1.041809e+03,1.205797e-02,8.235420e-01,8.235094e-01,-7.330486e-04,3.830159e-08,2.495959e+01,-1.104979e-01,2.507008e+01,3.033128e+01,2.080000e+01
6.569007e+06,7.603017e+01,1.051826e+03,1.217391e-02,8.235420e-01,8.235094e-01,-7.330486e-04,2.368525e-07,2.495959e+01,-1.138868e-01,2.507347e+01,3.033201e+01,2.080000e+01
6.569017e+06,7.603029e+01,1.061843e+03,1.228986e-02,8.235420e-01,8.235133e-01,-7.283033e-04,1.654082e-06,2.497875e+01,-1.136870e-01,2.509243e+01,3.035523e+01,2.080000e+01
6.569027e+06,7.603041e+01,1.071861e+03,1.240580e-02,8.235697e-01,8.235367e-01,-6.999094e-04,4.125414e-06,2.509340e+01,-1.104979e-01,2.520390e+01,3.049274e+01,2.080000e+01
6.569037e+06,7.603052e+01,1.081878e+03,1.252174e-02,8.236246e-01,8.235814e-01,-6.456515e-04,5.304698e-06,2.531249e+01,-1.104979e-01,2.542299e+01,3.075671e+01,2.085145e+01
6.569047e+06,7.603064e+01,1.091896e+03,1.263768e-02,8.236511e-01,8.236242e-01,-5.936310e-04,4.580328e-06,2.552256e+01,-1.104979e-01,2.563306e+01,3.101077e+01,2.090000e+01
6.569057e+06,7.603075e+01,1.101913e+03,1.275362e-02,8.236800e-01,8.236569e-01,-5.538857e-04,3.955056e-06,2.568307e+01,-1.104979e-01,2.579357e+01,3.120454e+01,2.090000e+01
6.569067e+06,7.603087e+01,1.111930e+03,1.286957e-02,8.237644e-01,8.236895e-01,-5.143923e-04,4.342829e-06,2.584257e+01,-1.104979e-01,2.595307e+01,3.139495e+01,2.090000e+01
6.569077e+06,7.603099e+01,1.121948e+03,1.298551e-02,8.238141e-01,8.237286e-01,-4.668780e-04,4.492061e-06,2.603447e+01,-1.139713e-01,2.614844e+01,3.162673e+01,2.095459e+01
6.569087e+06,7.603110e+01,1.131965e+03,1.310145e-02,8.238421e-01,8.237636e-01,-4.243948e-04,4.042427e-06,2.620606e+01,-1.136025e-01,2.631966e+01,3.183385e+01,2.100000e+01
6.569097e+06,7.603122e+01,1.141983e+03,1.321739e-02,8.238687e-01,8.237953e-01,-3.858889e-04,4.206829e-06,2.636159e+01,-1.104979e-01,2.647208e+01,3.202094e+01,2.100000e+01
6.569107e+06,7.603133e+01,1.152000e+03,1.333333e-02,8.238972e-01,8.238330e-01,-3.401119e-04,4.506533e-06,2.654649e+01,-1.104979e-01,2.665699e+01,3.224426e+01,2.100000e+01
6.569117e+06,7.603145e+01,1.162017e+03,1.344928e-02,8.239620e-01,8.238697e-01,-2.956015e-04,4.045387e-06,2.672629e+01,-1.104979e-01,2.683679e+01,3.245992e+01,2.105389e+01
6.569127e+06,7.603157e+01,1.172035e+03,1.356522e-02,8.239956e-01,8.238998e-01,-2.590634e-04,3.984143e-06,2.687389e+01,-1.104979e-01,2.698439e+01,3.263772e+01,2.110000e+01
6.569137e+06,7.603168e+01,1.182052e+03,1.368116e-02,8.240256e-01,8.239355e-01,-2.157800e-04,4.446245e-06,2.704875e+01,-1.104979e-01,2.715924e+01,3.284872e+01,2.115560e+01
6.569147e+06,7.603180e+01,1.192070e+03,1.379710e-02,8.240801e-01,8.239732e-01,-1.699839e-04,4.150387e-06,2.723376e+01,-1.104979e-01,2.734426e+01,3.307106e+01,2.120000e+01
6.569157e+06,7.603191e+01,1.202087e+03,1.391304e-02,8.241307e-01,8.240040e-01,-1.326279e-04,3.722919e-06,2.738468e+01,-1.104979e-01,2.749518e+01,3.325215e+01,2.120000e+01
6.569167e+06,7.603203e+01,1.212104e+03,1.402899e-02,8.241588e-01,8.240347e-01,-9.539600e-05,3.987827e-06,2.753511e+01,-1.104979e-01,2.764561e+01,3.343354e+01,2.120000e+01
6.569177e+06,7.603214e+01,1.222122e+03,1.414493e-02,8.241588e-01,8.240698e-01,-5.273269e-05,4.561371e-06,2.770749e+01,-1.104979e-01,2.781799e+01,3.364269e+01,2.120000e+01
6.569187e+06,7.603226e+01,1.232139e+03,1.426087e-02,8.241890e-01,8.241100e-01,-4.009922e-06,4.430863e-06,2.790436e+01,-1.104979e-01,2.801486e+01,3.388032e+01,2.125534e+01
6.569197e+06,7.603238e+01,1.242157e+03,1.437681e-02,8.242134e-01,8.241430e-01,3.603868e-05,3.682555e-06,2.806619e+01,-1.140405e-01,2.818023e+01,3.407642e+01,2.130000e+01
6.569207e+06,7.603249e+01,1.252174e+03,1.449275e-02,8.242416e-01,8.241708e-01,6.976927e-05,3.998363e-06,2.820249e+01,-1.135333e-01,2.831603e+01,3.424051e+01,2.130000e+01
6.569217e+06,7.603261e+01,1.262191e+03,1.460870e-02,8.242965e-01,8.242090e-01,1.161450e-04,4.490765e-06,2.838990e+01,-1.138931e-01,2.850380e+01,3.446565e+01,2.130000e+01
6.569227e+06,7.603272e+01,1.272209e+03,1.472464e-02,8.243220e-01,8.242449e-01,1.597408e-04,3.993038e-06,2.856609e+01,-1.136970e-01,2.867979e+01,3.467827e+01,2.134972e+01
6.569237e+06,7.603284e+01,1.282226e+03,1.484058e-02,8.243471e-01,8.242749e-01,1.961446e-04,4.062905e-06,2.871321e+01,-1.104979e-01,2.882371e+01,3.485501e+01,2.140000e+01
6.569247e+06,7.603296e+01,1.292243e+03,1.495652e-02,8.244043e-01,8.243120e-01,2.411402e-04,4.477057e-06,2.889507e+01,-1.104979e-01,2.900557e+01,3.507317e+01,2.140000e+01
6.569257e+06,7.603307e+01,1.302261e+03,1.507246e-02,8.244306e-01,8.243489e-01,2.858415e-04,4.214242e-06,2.907574e+01,-1.104979e-01,2.918624e+01,3.529120e+01,2.145679e+01
6.569267e+06,7.603319e+01,1.312278e+03,1.518841e-02,8.244722e-01,8.243816e-01,3.255716e-04,3.971312e-06,2.923633e+01,-1.104979e-01,2.934683e+01,3.548419e+01,2.150000e+01
6.569277e+06,7.603330e+01,1.322296e+03,1.530435e-02,8.245036e-01,8.244145e-01,3.654059e-04,4.157311e-06,2.939735e+01,-1.104979e-01,2.950785e+01,3.567812e+01,2.150000e+01
6.569288e+06,7.603342e+01,1.332313e+03,1.542029e-02,8.245332e-01,8.244503e-01,4.088624e-04,4.138611e-06,2.957301e+01,-1.104979e-01,2.968351e+01,3.588988e+01,2.150000e+01
6.569298e+06,7.603354e+01,1.342330e+03,1.553623e-02,8.245576e-01,8.244828e-01,4.483221e-04,3.952675e-06,2.973253e+01,-1.104979e-01,2.984302e+01,3.608227e+01,2.150000e+01
6.569308e+06,7.603365e+01,1.352348e+03,1.565217e-02,8.245835e-01,8.245156e-01,4.880534e-04,3.287251e-06,2.989315e+01,-1.104979e-01,3.000364e+01,3.627592e+01,2.154743e+01
6.569318e+06,7.603377e+01,1.362365e+03,1.576812e-02,8.245834e-01,8.245371e-01,5.141814e-04,1.321127e-06,2.999878e+01,-1.104979e-01,3.010927e+01,3.640403e+01,2.160000e+01
6.569328e+06,7.603388e+01,1.372383e+03,1.588406e-02,8.245894e-01,8.245374e-01,5.145219e-04,-1.060090e-07,3.000015e+01,-1.142033e-01,3.011436e+01,3.640622e+01,2.160000e+01
6.569338e+06,7.603400e+01,1.382400e+03,1.600000e-02,8.246122e-01,8.245354e-01,5.120576e-04,-1.559984e-07,2.999019e+01,-1.168607e-01,3.010705e+01,3.639369e+01,2.160000e+01
6.569348e+06,7.603412e+01,1.392417e+03,1.611594e-02,8.245822e-01,8.245348e-01,5.113965e-04,1.155442e-08,2.998752e+01,-1.133642e-01,3.010088e+01,3.639104e+01,2.160000e+01
6.569358e+06,7.603423e+01,1.402435e+03,1.623188e-02,8.245883e-01,8.245356e-01,5.122890e-04,3.442854e-08,2.999113e+01,-1.104979e-01,3.010162e+01,3.639453e+01,2.160000e+01
6.569368e+06,7.603435e+01,1.412452e+03,1.634783e-02,8.245814e-01,8.245354e-01,5.120863e-04,-8.662779e-08,2.999031e+01,-1.104979e-01,3.010080e+01,3.639385e+01,2.160000e+01
6.569378e+06,7.603446e+01,1.422470e+03,1.646377e-02,8.245576e-01,8.245341e-01,5.105535e-04,-5.995700e-07,2.998411e+01,-1.104979e-01,3.009461e+01,3.638738e+01,2.160000e+01
6.569388e+06,7.603458e+01,1.432487e+03,1.657971e-02,8.245307e-01,8.245255e-01,5.000740e-04,-2.716842e-06,2.994174e+01,-1.104979e-01,3.005224e+01,3.633719e+01,2.160000e+01
6.569398e+06,7.603470e+01,1.442504e+03,1.669565e-02,8.244630e-01,8.244893e-01,4.561221e-04,-5.502899e-06,2.976406e+01,-1.140389e-01,2.987810e+01,3.612543e+01,2.160000e+01
6.569408e+06,7.603481e+01,1.452522e+03,1.681159e-02,8.244306e-01,8.244346e-01,3.898246e-04,-5.698152e-06,2.949605e+01,-1.130646e-01,2.960912e+01,3.580157e+01,2.154034e+01
6.569418e+06,7.603493e+01,1.462539e+03,1.692754e-02,8.244002e-01,8.243951e-01,3.419609e-04,-4.316114e-06,2.930258e+01,-1.104979e-01,2.941308e+01,3.556766e+01,2.150000e+01
6.569428e+06,7.603504e+01,1.472557e+03,1.704348e-02,8.243451e-01,8.243633e-01,3.033522e-04,-4.058439e-06,2.914652e+01,-1.104979e-01,2.925702e+01,3.538073e+01,2.150000e+01
6.569438e+06,7.603516e+01,1.482574e+03,1.715942e-02,8.242904e-01,8.243281e-01,2.606510e-04,-4.306366e-06,2.897393e+01,-1.104979e-01,2.908442e+01,3.517370e+01,2.150000e+01
6.569448e+06,7.603528e+01,1.492591e+03,1.727536e-02,8.242674e-01,8.242922e-01,2.170751e-04,-4.276181e-06,2.879781e+01,-1.139636e-01,2.891177e+01,3.496175e+01,2.150000e+01
6.569458e+06,7.603539e+01,1.502609e+03,1.739130e-02,8.242398e-01,8.242575e-01,1.749786e-04,-4.166383e-06,2.862767e+01,-1.136101e-01,2.874128e+01,3.475644e+01,2.144891e+01
6.569468e+06,7.603551e+01,1.512626e+03,1.750725e-02,8.242134e-01,8.242234e-01,1.336025e-04,-4.194052e-06,2.846045e+01,-1.135333e-01,2.857399e+01,3.455466e+01,2.140000e+01
6.569478e+06,7.603562e+01,1.522643e+03,1.762319e-02,8.241843e-01,8.241882e-01,9.095169e-05,-4.295842e-06,2.828809e+01,-1.134764e-01,2.840157e+01,3.434674e+01,2.134681e+01
6.569488e+06,7.603574e+01,1.532661e+03,1.773913e-02,8.241273e-01,8.241525e-01,4.753628e-05,-4.277648e-06,2.811265e+01,-1.104979e-01,2.822315e+01,3.413561e+01,2.130000e+01
6.569498e+06,7.603586e+01,1.542678e+03,1.785507e-02,8.240719e-01,8.241176e-01,5.249929e-06,-4.043678e-06,2.794178e+01,-1.104979e-01,2.805228e+01,3.393056e+01,2.130000e+01
6.569508e+06,7.603597e+01,1.552696e+03,1.797101e-02,8.240177e-01,8.240857e-01,-3.347793e-05,-3.990478e-06,2.778529e+01,-1.142633e-01,2.789955e+01,3.374369e+01,2.130000e+01
6.569518e+06,7.603609e+01,1.562713e+03,1.808696e-02,8.239956e-01,8.240517e-01,-7.469842e-05,-3.972137e-06,2.761874e+01,-1.168607e-01,2.773560e+01,3.354303e+01,2.130000e+01
6.569528e+06,7.603620e+01,1.572730e+03,1.820290e-02,8.239956e-01,8.240201e-01,-1.130588e-04,-3.740966e-06,2.746375e+01,-1.135256e-01,2.757727e+01,3.335422e+01,2.124758e+01
6.569538e+06,7.603632e+01,1.582748e+03,1.831884e-02,8.239599e-01,8.239900e-01,-1.496479e-04,-4.072069e-06,2.731592e+01,-1.104979e-01,2.742642e+01,3.317561e+01,2.120000e+01
6.569548e+06,7.603643e+01,1.592765e+03,1.843478e-02,8.238958e-01,8.239529e-01,-1.946419e-04,-4.588466e-06,2.713414e+01,-1.136667e-01,2.724781e+01,3.295825e+01,2.120000e+01
6.569558e+06,7.603655e+01,1.602783e+03,1.855072e-02,8.238687e-01,8.239142e-01,-2.415768e-04,-4.401429e-06,2.694453e+01,-1.133482e-01,2.705788e+01,3.272912e+01,2.120000e+01
6.569568e+06,7.603667e+01,1.612800e+03,1.866667e-02,8.238687e-01,8.238802e-01,-2.828235e-04,-4.090965e-06,2.677791e+01,-1.143541e-01,2.689226e+01,3.252709e+01,2.120000e+01
6.569578e+06,7.603678e+01,1.622817e+03,1.878261e-02,8.238357e-01,8.238467e-01,-3.235384e-04,-4.204171e-06,2.661344e+01,-1.168607e-01,2.673030e+01,3.232929e+01,2.113949e+01
6.569588e+06,7.603690e+01,1.632835e+03,1.889855e-02,8.237830e-01,8.238108e-01,-3.670532e-04,-4.218609e-06,2.643767e+01,-1.132259e-01,2.655089e+01,3.211722e+01,2.110000e+01
6.569598e+06,7.603701e+01,1.642852e+03,1.901449e-02,8.237596e-01,8.237771e-01,-4.080573e-04,-3.948095e-06,2.627204e+01,-1.104979e-01,2.638254e+01,3.191650e+01,2.110000e+01
6.569608e+06,7.603713e+01,1.652870e+03,1.913043e-02,8.237596e-01,8.237457e-01,-4.461524e-04,-4.075392e-06,2.611818e+01,-1.104979e-01,2.622868e+01,3.172971e+01,2.104964e+01
6.569618e+06,7.603725e+01,1.662887e+03,1.924638e-02,8.237319e-01,8.237098e-01,-4.897069e-04,-4.563516e-06,2.594227e+01,-1.104979e-01,2.605277e+01,3.151723e+01,2.100000e+01
6.569628e+06,7.603736e+01,1.672904e+03,1.936232e-02,8.236747e-01,8.236704e-01,-5.375815e-04,-4.367404e-06,2.574892e+01,-1.104979e-01,2.585942e+01,3.128468e+01,2.100000e+01
6.569638e+06,7.603748e+01,1.682922e+03,1.947826e-02,8.236511e-01,8.236377e-01,-5.772069e-04,-3.873137e-06,2.558889e+01,-1.104979e-01,2.569939e+01,3.109129e+01,2.100000e+01
6.569648e+06,7.603759e+01,1.692939e+03,1.959420e-02,8.236174e-01,8.236065e-01,-6.151789e-04,-4.024495e-06,2.543555e+01,-1.104979e-01,2.554604e+01,3.090639e+01,2.100000e+01
6.569658e+06,7.603771e+01,1.702957e+03,1.971014e-02,8.235965e-01,8.235713e-01,-6.578367e-04,-4.174736e-06,2.526329e+01,-1.104979e-01,2.537378e+01,3.069802e+01,2.100000e+01
6.569668e+06,7.603783e+01,1.712974e+03,1.982609e-02,8.235665e-01,8.235376e-01,-6.988188e-04,-3.618250e-06,2.509780e+01,-1.104979e-01,2.520830e+01,3.049820e+01,2.094493e+01
6.569678e+06,7.603794e+01,1.722991e+03,1.994203e-02,8.235420e-01,8.235116e-01,-7.303276e-04,-1.987807e-06,2.497057e+01,-1.104979e-01,2.508107e+01,3.034462e+01,2.090000e+01
6.569688e+06,7.603806e+01,1.733009e+03,2.005797e-02,8.235420e-01,8.235048e-01,-7.386441e-04,-1.728707e-07,2.493699e+01,-1.104979e-01,2.504749e+01,3.030385e+01,2.090000e+01
6.569698e+06,7.603817e+01,1.743026e+03,2.017391e-02,8.235420e-01,8.235088e-01,-7.337910e-04,3.267446e-07,2.495659e+01,-1.138868e-01,2.507048e+01,3.032837e+01,2.090000e+01
6.569708e+06,7.603829e+01,1.753043e+03,2.028986e-02,8.235420e-01,8.235102e-01,-7.320978e-04,1.658817e-07,2.496343e+01,-1.168607e-01,2.508029e+01,3.033731e+01,2.090000e+01
6.569718e+06,7.603841e+01,1.763061e+03,2.040580e-02,8.235765e-01,8.235115e-01,-7.304676e-04,1.619671e-07,2.497001e+01,-1.168607e-01,2.508687e+01,3.034403e+01,2.090000e+01
6.569728e+06,7.603852e+01,1.773078e+03,2.052174e-02,8.235610e-01,8.235128e-01,-7.288529e-04,1.555506e-07,2.497653e+01,-1.168607e-01,2.509339e+01,3.035251e+01,2.090000e+01
6.569738e+06,7.603864e+01,1.783096e+03,2.063768e-02,8.235746e-01,8.235141e-01,-7.273512e-04,8.494863e-07,2.498259e+01,-1.130586e-01,2.509565e+01,3.035856e+01,2.090000e+01
6.569748e+06,7.603875e+01,1.793113e+03,2.075362e-02,8.235965e-01,8.235269e-01,-7.118336e-04,2.991451e-06,2.504525e+01,-1.104979e-01,2.515575e+01,3.043328e+01,2.095302e+01
6.569758e+06,7.603887e+01,1.803130e+03,2.086957e-02,8.236261e-01,8.235634e-01,-6.674181e-04,5.021693e-06,2.522460e+01,-1.104979e-01,2.533509e+01,3.064993e+01,2.100000e+01
6.569768e+06,7.603899e+01,1.813148e+03,2.098551e-02,8.236809e-01,8.236097e-01,-6.112251e-04,4.733258e-06,2.545151e+01,-1.139713e-01,2.556548e+01,3.092412e+01,2.100000e+01
6.569778e+06,7.603910e+01,1.823165e+03,2.110145e-02,8.237056e-01,8.236415e-01,-5.725883e-04,3.786966e-06,2.560754e+01,-1.168607e-01,2.572440e+01,3.111323e+01,2.100000e+01
6.569788e+06,7.603922e+01,1.833183e+03,2.121739e-02,8.237387e-01,8.236722e-01,-5.353540e-04,4.500348e-06,2.575791e+01,-1.129626e-01,2.587088e+01,3.129369e+01,2.100000e+01
6.569798e+06,7.603933e+01,1.843200e+03,2.133333e-02,8.237960e-01,8.237158e-01,-4.824248e-04,4.804609e-06,2.597168e+01,-1.104979e-01,2.608218e+01,3.155047e+01,2.106667e+01
6.569808e+06,7.603945e+01,1.853217e+03,2.144928e-02,8.238474e-01,8.237515e-01,-4.390947e-04,4.042926e-06,2.614668e+01,-1.104979e-01,2.625718e+01,3.176092e+01,2.110000e+01
6.569818e+06,7.603957e+01,1.863235e+03,2.156522e-02,8.238687e-01,8.237825e-01,-4.014257e-04,4.061789e-06,2.629883e+01,-1.139560e-01,2.641279e+01,3.194551e+01,2.115435e+01
6.569828e+06,7.603968e+01,1.873252e+03,2.168116e-02,8.238987e-01,8.238185e-01,-3.577177e-04,4.352976e-06,2.647538e+01,-1.133230e-01,2.658870e+01,3.215848e+01,2.120000e+01
6.569838e+06,7.603980e+01,1.883270e+03,2.179710e-02,8.239227e-01,8.238544e-01,-3.142148e-04,4.259344e-06,2.665110e+01,-1.104979e-01,2.676160e+01,3.237022e+01,2.120000e+01
6.569848e+06,7.603991e+01,1.893287e+03,2.191304e-02,8.239645e-01,8.238888e-01,-2.723826e-04,4.151141e-06,2.682009e+01,-1.104979e-01,2.693058e+01,3.257366e+01,2.120000e+01
6.569859e+06,7.604003e+01,1.903304e+03,2.202899e-02,8.240267e-01,8.239229e-01,-2.310476e-04,4.275286e-06,2.698707e+01,-1.104979e-01,2.709757e+01,3.277383e+01,2.125749e+01
6.569869e+06,7.604014e+01,1.913322e+03,2.214493e-02,8.240850e-01,8.239594e-01,-1.867282e-04,4.264467e-06,2.716611e+01,-1.104979e-01,2.727661e+01,3.298877e+01,2.130000e+01
6.569879e+06,7.604026e+01,1.923339e+03,2.226087e-02,8.240702e-01,8.239933e-01,-1.456099e-04,3.904152e-06,2.733223e+01,-1.104979e-01,2.744273e+01,3.319095e+01,2.130000e+01
6.569889e+06,7.604038e+01,1.933357e+03,2.237681e-02,8.241104e-01,8.240239e-01,-1.085094e-04,3.857333e-06,2.748213e+01,-1.104979e-01,2.759263e+01,3.337122e+01,2.130000e+01
6.569899e+06,7.604049e+01,1.943374e+03,2.249275e-02,8.241588e-01,8.240570e-01,-6.832908e-05,4.219420e-06,2.764447e+01,-1.104979e-01,2.775497e+01,3.356623e+01,2.130000e+01
6.569909e+06,7.604061e+01,1.953391e+03,2.260870e-02,8.241588e-01,8.240935e-01,-2.397423e-05,4.556326e-06,2.782369e+01,-1.104979e-01,2.793419e+01,3.378369e+01,2.135725e+01
6.569919e+06,7.604072e+01,1.963409e+03,2.272464e-02,8.242226e-01,8.241322e-01,2.295591e-05,4.407321e-06,2.801332e+01,-1.142368e-01,2.812756e+01,3.401194e+01,2.140000e+01
6.569929e+06,7.604084e+01,1.973426e+03,2.284058e-02,8.242674e-01,8.241663e-01,6.432549e-05,3.930317e-06,2.818050e+01,-1.168607e-01,2.829736e+01,3.421345e+01,2.145882e+01
6.569939e+06,7.604096e+01,1.983443e+03,2.295652e-02,8.242976e-01,8.241971e-01,1.016990e-04,4.054396e-06,2.833153e+01,-1.133335e-01,2.844486e+01,3.439466e+01,2.150000e+01
6.569949e+06,7.604107e+01,1.993461e+03,2.307246e-02,8.243220e-01,8.242332e-01,1.455544e-04,4.260549e-06,2.850876e+01,-1.104979e-01,2.861925e+01,3.460804e+01,2.150000e+01
6.569959e+06,7.604119e+01,2.003478e+03,2.318841e-02,8.243220e-01,8.242675e-01,1.870581e-04,4.081458e-06,2.867649e+01,-1.104979e-01,2.878699e+01,3.481152e+01,2.150000e+01
6.569969e+06,7.604130e+01,2.013496e+03,2.330435e-02,8.243855e-01,8.243006e-01,2.273256e-04,4.023582e-06,2.883923e+01,-1.104979e-01,2.894973e+01,3.500624e+01,2.150000e+01
6.569979e+06,7.604142e+01,2.023513e+03,2.342029e-02,8.244306e-01,8.243339e-01,2.676697e-04,4.120180e-06,2.900230e+01,-1.104979e-01,2.911279e+01,3.520211e+01,2.155857e+01
6.569989e+06,7.604154e+01,2.033530e+03,2.353623e-02,8.244306e-01,8.243687e-01,3.098725e-04,4.194640e-06,2.917288e+01,-1.104979e-01,2.928337e+01,3.540902e+01,2.160000e+01
6.569999e+06,7.604165e+01,2.043548e+03,2.365217e-02,8.244745e-01,8.244032e-01,3.517084e-04,4.121780e-06,2.934198e+01,-1.104979e-01,2.945248e+01,3.561223e+01,2.160000e+01
6.570009e+06,7.604177e+01,2.053565e+03,2.376812e-02,8.245036e-01,8.244368e-01,3.924514e-04,4.427806e-06,2.950667e+01,-1.104979e-01,2.961717e+01,3.581072e+01,2.160000e+01
6.570019e+06,7.604188e+01,2.063583e+03,2.388406e-02,8.245382e-01,8.244763e-01,4.404186e-04,4.485498e-06,2.970058e+01,-1.145738e-01,2.981515e+01,3.604524e+01,2.160000e+01
6.570029e+06,7.604200e+01,2.073600e+03,2.400000e-02,8.245576e-01,8.245109e-01,4.823174e-04,3.483628e-06,2.986996e+01,-1.129451e-01,2.998290e+01,3.624947e+01,2.160000e+01
6.570039e+06,7.604212e+01,2.083617e+03,2.411594e-02,8.245904e-01,8.245339e-01,5.102123e-04,1.683035e-06,2.998273e+01,-1.104979e-01,3.009323e+01,3.638426e+01,2.165995e+01
6.570049e+06,7.604223e+01,2.093635e+03,2.423188e-02,8.246122e-01,8.245387e-01,5.160367e-04,1.683273e-07,3.000628e+01,-1.104979e-01,3.011677e+01,3.641185e+01,2.170000e+01
6.570059e+06,7.604235e+01,2.103652e+03,2.434783e-02,8.246122e-01,8.245366e-01,5.135847e-04,-2.010970e-07,2.999636e+01,-1.104979e-01,3.010686e+01,3.639983e+01,2.170000e+01
6.570069e+06,7.604246e+01,2.113670e+03,2.446377e-02,8.245787e-01,8.245353e-01,5.120077e-04,-1.552192e-07,2.998999e+01,-1.104979e-01,3.010049e+01,3.639358e+01,2.170000e+01
6.570079e+06,7.604258e+01,2.123687e+03,2.457971e-02,8.245576e-01,8.245341e-01,5.104749e-04,-1.096932e-07,2.998379e+01,-1.104979e-01,3.009429e+01,3.638700e+01,2.170000e+01
6.570089e+06,7.604270e+01,2.133704e+03,2.469565e-02,8.245902e-01,8.245335e-01,5.098101e-04,-8.042905e-08,2.998110e+01,-1.104979e-01,3.009160e+01,3.638230e+01,2.170000e+01
6.570099e+06,7.604281e+01,2.143722e+03,2.481159e-02,8.245797e-01,8.245328e-01,5.088635e-04,-6.788045e-07,2.997728e+01,-1.104979e-01,3.008777e+01,3.637812e+01,2.170000e+01
6.570109e+06,7.604293e+01,2.153739e+03,2.492754e-02,8.245244e-01,8.245223e-01,4.962104e-04,-2.930929e-06,2.992612e+01,-1.144044e-01,3.004053e+01,3.631936e+01,2.170000e+01
6.570119e+06,7.604304e+01,2.163757e+03,2.504348e-02,8.245036e-01,8.244843e-01,4.501430e-04,-5.597894e-06,2.973989e+01,-1.129647e-01,2.985285e+01,3.609410e+01,2.163877e+01
6.570129e+06,7.604316e+01,2.173774e+03,2.515942e-02,8.244575e-01,8.244299e-01,3.840578e-04,-5.542627e-06,2.947274e+01,-1.104979e-01,2.958324e+01,3.577157e+01,2.160000e+01
6.570139e+06,7.604328e+01,2.183791e+03,2.527536e-02,8.243967e-01,8.243928e-01,3.390977e-04,-3.981611e-06,2.929101e+01,-1.104979e-01,2.940150e+01,3.555377e+01,2.160000e+01
6.570149e+06,7.604339e+01,2.193809e+03,2.539130e-02,8.243441e-01,8.243641e-01,3.042870e-04,-4.105355e-06,2.915030e+01,-1.104979e-01,2.926080e+01,3.538535e+01,2.160000e+01
6.570159e+06,7.604351e+01,2.203826e+03,2.550725e-02,8.243220e-01,8.243250e-01,2.568478e-04,-4.646093e-06,2.895856e+01,-1.104979e-01,2.906905e+01,3.515370e+01,2.153887e+01
6.570169e+06,7.604362e+01,2.213843e+03,2.562319e-02,8.242912e-01,8.242874e-01,2.112036e-04,-4.319823e-06,2.877408e+01,-1.104979e-01,2.888457e+01,3.493121e+01,2.150000e+01
6.570179e+06,7.604374e+01,2.223861e+03,2.573913e-02,8.242354e-01,8.242536e-01,1.703011e-04,-4.112017e-06,2.860877e+01,-1.104979e-01,2.871926e+01,3.473302e+01,2.150000e+01
6.570189e+06,7.604386e+01,2.233878e+03,2.585507e-02,8.241792e-01,8.242195e-01,1.288202e-04,-4.199729e-06,2.844113e+01,-1.144785e-01,2.855561e+01,3.453285e+01,2.150000e+01
6.570199e+06,7.604397e+01,2.243896e+03,2.597101e-02,8.241235e-01,8.241843e-01,8.616043e-05,-4.331782e-06,2.826873e+01,-1.168607e-01,2.838559e+01,3.432651e+01,2.150000e+01
6.570209e+06,7.604409e+01,2.253913e+03,2.608696e-02,8.241042e-01,8.241479e-01,4.203392e-05,-4.132200e-06,2.809042e+01,-1.127802e-01,2.820320e+01,3.411007e+01,2.143587e+01
6.570219e+06,7.604420e+01,2.263930e+03,2.620290e-02,8.241042e-01,8.241161e-01,3.372689e-06,-3.883311e-06,2.793419e+01,-1.104979e-01,2.804469e+01,3.392002e+01,2.140000e+01
6.570229e+06,7.604432e+01,2.273948e+03,2.631884e-02,8.241042e-01,8.240838e-01,-3.576738e-05,-4.106857e-06,2.777604e+01,-1.104979e-01,2.788654e+01,3.372811e+01,2.133742e+01
6.570239e+06,7.604443e+01,2.283965e+03,2.643478e-02,8.240417e-01,8.240483e-01,-7.890730e-05,-4.277900e-06,2.760173e+01,-1.141581e-01,2.771589e+01,3.351993e+01,2.130000e+01
6.570249e+06,7.604455e+01,2.293983e+03,2.655072e-02,8.239956e-01,8.240132e-01,-1.214742e-04,-4.167936e-06,2.742975e+01,-1.136409e-01,2.754339e+01,3.331298e+01,2.130000e+01
6.570259e+06,7.604467e+01,2.304000e+03,2.666667e-02,8.239956e-01,8.239795e-01,-1.624110e-04,-3.996487e-06,2.726436e+01,-1.141035e-01,2.737846e+01,3.311236e+01,2.130000e+01
6.570269e+06,7.604478e+01,2.314017e+03,2.678261e-02,8.239515e-01,8.239472e-01,-2.015429e-04,-4.166854e-06,2.710626e+01,-1.130108e-01,2.721927e+01,3.292203e+01,2.130000e+01
6.570279e+06,7.604490e+01,2.324035e+03,2.689855e-02,8.239227e-01,8.239107e-01,-2.458930e-04,-4.357314e-06,2.692710e+01,-1.104979e-01,2.703759e+01,3.270520e+01,2.123768e+01
6.570289e+06,7.604501e+01,2.334052e+03,2.701449e-02,8.238892e-01,8.238753e-01,-2.888408e-04,-4.074100e-06,2.675360e+01,-1.104979e-01,2.686410e+01,3.249595e+01,2.120000e+01
6.570299e+06,7.604513e+01,2.344070e+03,2.713043e-02,8.238687e-01,8.238434e-01,-3.275167e-04,-4.004951e-06,2.659737e+01,-1.104979e-01,2.670787e+01,3.230713e+01,2.120000e+01
6.570309e+06,7.604525e+01,2.354087e+03,2.724638e-02,8.238340e-01,8.238092e-01,-3.690791e-04,-4.124604e-06,2.642948e+01,-1.145477e-01,2.654403e+01,3.210558e+01,2.120000e+01
6.570319e+06,7.604536e+01,2.364104e+03,2.736232e-02,8.237838e-01,8.237753e-01,-4.101523e-04,-4.234048e-06,2.626358e+01,-1.168607e-01,2.638044e+01,3.190664e+01,2.120000e+01
6.570329e+06,7.604548e+01,2.374122e+03,2.747826e-02,8.237596e-01,8.237393e-01,-4.539073e-04,-4.153867e-06,2.608686e+01,-1.131537e-01,2.620001e+01,3.169225e+01,2.120000e+01
6.570339e+06,7.604559e+01,2.384139e+03,2.759420e-02,8.237262e-01,8.237068e-01,-4.933741e-04,-4.070065e-06,2.592746e+01,-1.144324e-01,2.604189e+01,3.150031e+01,2.113816e+01
6.570349e+06,7.604571e+01,2.394157e+03,2.771014e-02,8.236708e-01,8.236721e-01,-5.354502e-04,-4.427571e-06,2.575753e+01,-1.128033e-01,2.587033e+01,3.129577e+01,2.110000e+01
6.570359e+06,7.604583e+01,2.404174e+03,2.782609e-02,8.236511e-01,8.236337e-01,-5.820795e-04,-4.503931e-06,2.556921e+01,-1.104979e-01,2.567971e+01,3.106740e+01,2.103659e+01
6.570369e+06,7.604594e+01,2.414191e+03,2.794203e-02,8.236154e-01,8.235978e-01,-6.256855e-04,-3.924369e-06,2.539312e+01,-1.104979e-01,2.550362e+01,3.085495e+01,2.100000e+01
6.570379e+06,7.604606e+01,2.424209e+03,2.805797e-02,8.235965e-01,8.235690e-01,-6.607034e-04,-3.718273e-06,2.525171e+01,-1.104979e-01,2.536221e+01,3.068396e+01,2.100000e+01
6.570389e+06,7.604617e+01,2.434226e+03,2.817391e-02,8.235655e-01,8.235365e-01,-7.001803e-04,-3.748977e-06,2.509230e+01,-1.104979e-01,2.520280e+01,3.049156e+01,2.100000e+01
6.570399e+06,7.604629e+01,2.444243e+03,2.828986e-02,8.235420e-01,8.235071e-01,-7.358133e-04,-1.985350e-06,2.494842e+01,-1.104979e-01,2.505892e+01,3.031773e+01,2.100000e+01
6.570409e+06,7.604641e+01,2.454261e+03,2.840580e-02,8.235420e-01,8.235037e-01,-7.399563e-04,1.621259e-07,2.493169e+01,-1.104979e-01,2.504219e+01,3.029741e+01,2.100000e+01
6.570419e+06,7.604652e+01,2.464278e+03,2.852174e-02,8.235420e-01,8.235098e-01,-7.325652e-04,4.240692e-07,2.496154e+01,-1.104979e-01,2.507204e+01,3.033365e+01,2.100000e+01
6.570429e+06,7.604664e+01,2.474296e+03,2.863768e-02,8.235420e-01,8.235107e-01,-7.314602e-04,1.076486e-07,2.496600e+01,-1.104979e-01,2.507650e+01,3.033907e+01,2.100000e+01
6.570440e+06,7.604675e+01,2.484313e+03,2.875362e-02,8.235420e-01,8.235116e-01,-7.304085e-04,7.843156e-08,2.497025e+01,-1.104979e-01,2.508074e+01,3.034423e+01,2.100000e+01
6.570450e+06,7.604687e+01,2.494330e+03,2.886957e-02,8.235420e-01,8.235120e-01,-7.298888e-04,7.198729e-08,2.497234e+01,-1.104979e-01,2.508284e+01,3.034677e+01,2.100000e+01
6.570460e+06,7.604699e+01,2.504348e+03,2.898551e-02,8.235420e-01,8.235128e-01,-7.289662e-04,8.174509e-07,2.497607e+01,-1.104979e-01,2.508657e+01,3.035130e+01,2.100000e+01
6.570470e+06,7.604710e+01,2.514365e+03,2.910145e-02,8.235725e-01,8.235255e-01,-7.135114e-04,2.971343e-06,2.503847e+01,-1.104979e-01,2.514897e+01,3.042594e+01,2.100000e+01
6.570480e+06,7.604722e+01,2.524383e+03,2.921739e-02,8.236272e-01,8.235618e-01,-6.694360e-04,5.452498e-06,2.521645e+01,-1.140712e-01,2.533052e+01,3.064077e+01,2.100000e+01
6.570490e+06,7.604733e+01,2.534400e+03,2.933333e-02,8.236856e-01,8.236154e-01,-6.042717e-04,5.207343e-06,2.547959e+01,-1.168607e-01,2.559645e+01,3.095865e+01,2.106333e+01
6.570500e+06,7.604745e+01,2.544417e+03,2.944928e-02,8.237056e-01,8.236477e-01,-5.651080e-04,3.667309e-06,2.563775e+01,-1.126573e-01,2.575041e+01,3.114901e+01,2.110000e+01
6.570510e+06,7.604757e+01,2.554435e+03,2.956522e-02,8.237425e-01,8.236760e-01,-5.307980e-04,4.260475e-06,2.577631e+01,-1.104979e-01,2.588681e+01,3.131536e+01,2.110000e+01
6.570520e+06,7.604768e+01,2.564452e+03,2.968116e-02,8.237965e-01,8.237180e-01,-4.797503e-04,4.607261e-06,2.598248e+01,-1.104979e-01,2.609298e+01,3.156356e+01,2.116763e+01
6.570530e+06,7.604780e+01,2.574470e+03,2.979710e-02,8.238465e-01,8.237520e-01,-4.384925e-04,3.816729e-06,2.614912e+01,-1.104979e-01,2.625961e+01,3.176390e+01,2.120000e+01
6.570540e+06,7.604791e+01,2.584487e+03,2.991304e-02,8.238687e-01,8.237810e-01,-4.032830e-04,3.826124e-06,2.629133e+01,-1.104979e-01,2.640183e+01,3.193566e+01,2.120000e+01
6.570550e+06,7.604803e+01,2.594504e+03,3.002899e-02,8.238997e-01,8.238151e-01,-3.618370e-04,4.599341e-06,2.645874e+01,-1.104979e-01,2.656924e+01,3.213764e+01,2.120000e+01
6.570560e+06,7.604814e+01,2.604522e+03,3.014493e-02,8.239657e-01,8.238569e-01,-3.111362e-04,4.673189e-06,2.666354e+01,-1.104979e-01,2.677404e+01,3.238362e+01,2.125903e+01
6.570570e+06,7.604826e+01,2.614539e+03,3.026087e-02,8.239956e-01,8.238923e-01,-2.682106e-04,4.043276e-06,2.683694e+01,-1.145973e-01,2.695154e+01,3.259375e+01,2.130000e+01
6.570580e+06,7.604838e+01,2.624557e+03,3.037681e-02,8.240333e-01,8.239237e-01,-2.301300e-04,4.122747e-06,2.699077e+01,-1.124177e-01,2.710319e+01,3.277848e+01,2.130000e+01
6.570590e+06,7.604849e+01,2.634574e+03,3.049275e-02,8.240496e-01,8.239603e-01,-1.856123e-04,4.497522e-06,2.717062e+01,-1.104979e-01,2.728112e+01,3.299566e+01,2.130000e+01
6.570600e+06,7.604861e+01,2.644591e+03,3.060870e-02,8.240887e-01,8.239979e-01,-1.400231e-04,3.898086e-06,2.735481e+01,-1.104979e-01,2.746530e+01,3.321760e+01,2.130000e+01
6.570610e+06,7.604872e+01,2.654609e+03,3.072464e-02,8.241397e-01,8.240247e-01,-1.075150e-04,3.423785e-06,2.748615e+01,-1.146405e-01,2.760079e+01,3.337578e+01,2.136511e+01
6.570620e+06,7.604884e+01,2.664626e+03,3.084058e-02,8.241588e-01,8.240544e-01,-7.142835e-05,4.277943e-06,2.763195e+01,-1.131183e-01,2.774507e+01,3.355160e+01,2.140000e+01
6.570630e+06,7.604896e+01,2.674643e+03,3.095652e-02,8.242244e-01,8.240953e-01,-2.180732e-05,4.824107e-06,2.783245e+01,-1.104979e-01,2.794295e+01,3.379161e+01,2.146047e+01
6.570640e+06,7.604907e+01,2.684661e+03,3.107246e-02,8.242674e-01,8.241341e-01,2.522159e-05,4.490482e-06,2.802248e+01,-1.104979e-01,2.813298e+01,3.402039e+01,2.150000e+01
6.570650e+06,7.604919e+01,2.694678e+03,3.118841e-02,8.242674e-01,8.241695e-01,6.815851e-05,4.162461e-06,2.819599e+01,-1.104979e-01,2.830648e+01,3.423089e+01,2.150000e+01
6.570660e+06,7.604930e+01,2.704696e+03,3.130435e-02,8.243057e-01,8.242028e-01,1.086156e-04,4.009973e-06,2.835948e+01,-1.104979e-01,2.846997e+01,3.442763e+01,2.150000e+01
6.570670e+06,7.604942e+01,2.714713e+03,3.142029e-02,8.243220e-01,8.242357e-01,1.484974e-04,4.027074e-06,2.852065e+01,-1.104979e-01,2.863115e+01,3.462247e+01,2.150000e+01
6.570680e+06,7.604954e+01,2.724730e+03,3.153623e-02,8.243582e-01,8.242693e-01,1.892972e-04,3.952394e-06,2.868554e+01,-1.104979e-01,2.879604e+01,3.482096e+01,2.156633e+01
6.570690e+06,7.604965e+01,2.734748e+03,3.165217e-02,8.243766e-01,8.243009e-01,2.276828e-04,3.996466e-06,2.884068e+01,-1.104979e-01,2.895118e+01,3.500838e+01,2.160000e+01
6.570700e+06,7.604977e+01,2.744765e+03,3.176812e-02,8.244100e-01,8.243353e-01,2.693655e-04,4.213365e-06,2.900915e+01,-1.104979e-01,2.911965e+01,3.521130e+01,2.160000e+01
6.570710e+06,7.604988e+01,2.754783e+03,3.188406e-02,8.244306e-01,8.243705e-01,3.120967e-04,4.447483e-06,2.918187e+01,-1.144247e-01,2.929629e+01,3.542076e+01,2.160000e+01
6.570720e+06,7.605000e+01,2.764800e+03,3.200000e-02,8.244817e-01,8.244088e-01,3.584698e-04,4.629267e-06,2.936931e+01,-1.124068e-01,2.948172e+01,3.564547e+01,2.160000e+01
