Analysis by Brandon Lampe, performed on: 2016/09/08 17:47:43
Experimental results below begin at: 2016/09/10 13:46:42
Duration (sec),Duration (day),Elapsed Time (sec),Elapsed Time (day),Interpolated Fractional Density,Fit to Fractional Density,Fit to Volume Strain,Fit to Volume Strain Rate (1/sec),Confining Pressure (MPa),Pore Pressure (MPa),Terzaghi Pressure (MPa),Solid Pressure (MPa),Temperature (C))
8.756640e+05,1.013500e+01,0.000000e+00,0.000000e+00,8.993003e-01,8.999548e-01,7.275204e-04,1.200277e-07,1.971159e+01,-8.555034e-03,1.972014e+01,2.191976e+01,1.661000e+02
8.756740e+05,1.013512e+01,1.000772e+01,1.158301e-04,8.992917e-01,8.999559e-01,7.287216e-04,9.047489e-08,1.972554e+01,-8.555034e-03,1.973409e+01,2.193549e+01,1.660842e+02
8.756840e+05,1.013523e+01,2.001544e+01,2.316602e-04,8.993552e-01,8.999564e-01,7.293313e-04,3.046103e-08,1.973262e+01,-8.555034e-03,1.974118e+01,2.194181e+01,1.660000e+02
8.756940e+05,1.013535e+01,3.002317e+01,3.474903e-04,8.993731e-01,8.999564e-01,7.293313e-04,-2.291564e-08,1.973262e+01,-8.555034e-03,1.974118e+01,2.194137e+01,1.660000e+02
8.757040e+05,1.013546e+01,4.003089e+01,4.633205e-04,8.993972e-01,8.999560e-01,7.288727e-04,-3.618994e-08,1.972729e+01,-8.555034e-03,1.973585e+01,2.193486e+01,1.660000e+02
8.757140e+05,1.013558e+01,5.003861e+01,5.791506e-04,8.994404e-01,8.999558e-01,7.286070e-04,-2.623479e-08,1.972421e+01,-8.555034e-03,1.973276e+01,2.193038e+01,1.660000e+02
8.757240e+05,1.013569e+01,6.004633e+01,6.949807e-04,8.994235e-01,8.999555e-01,7.283476e-04,-3.020908e-08,1.972119e+01,-8.555034e-03,1.972975e+01,2.192744e+01,1.659525e+02
8.757341e+05,1.013581e+01,7.005405e+01,8.108108e-04,8.993918e-01,8.999552e-01,7.280023e-04,-5.578650e-08,1.971718e+01,-8.555034e-03,1.972574e+01,2.192375e+01,1.659000e+02
8.757441e+05,1.013593e+01,8.006178e+01,9.266409e-04,8.993990e-01,8.999545e-01,7.272310e-04,-8.995160e-08,1.970822e+01,-8.555034e-03,1.971678e+01,2.191362e+01,1.658734e+02
8.757541e+05,1.013604e+01,9.006950e+01,1.042471e-03,8.995055e-01,8.999536e-01,7.262019e-04,-1.198619e-07,1.969627e+01,-8.555034e-03,1.970483e+01,2.189773e+01,1.658000e+02
8.757641e+05,1.013616e+01,1.000772e+02,1.158301e-03,8.996043e-01,8.999524e-01,7.248319e-04,-1.464177e-07,1.968036e+01,-8.555034e-03,1.968891e+01,2.187764e+01,1.658000e+02
8.757741e+05,1.013627e+01,1.100849e+02,1.274131e-03,8.996158e-01,8.999510e-01,7.232713e-04,-1.653994e-07,1.966223e+01,-8.555034e-03,1.967079e+01,2.185721e+01,1.657259e+02
8.757841e+05,1.013639e+01,1.200927e+02,1.389961e-03,8.996312e-01,8.999494e-01,7.215213e-04,-1.243338e-07,1.964190e+01,-8.555034e-03,1.965046e+01,2.183424e+01,1.657000e+02
8.757941e+05,1.013651e+01,1.301004e+02,1.505792e-03,8.995604e-01,8.999487e-01,7.207827e-04,-8.203678e-08,1.963332e+01,-8.555034e-03,1.964188e+01,2.182642e+01,1.656471e+02
8.758041e+05,1.013662e+01,1.401081e+02,1.621622e-03,8.994958e-01,8.999479e-01,7.198793e-04,-1.568193e-07,1.962283e+01,-8.555034e-03,1.963139e+01,2.181632e+01,1.655784e+02
8.758141e+05,1.013674e+01,1.501158e+02,1.737452e-03,8.995266e-01,8.999459e-01,7.176439e-04,-2.279884e-07,1.959687e+01,-8.555034e-03,1.960542e+01,2.178671e+01,1.654625e+02
8.758241e+05,1.013685e+01,1.601236e+02,1.853282e-03,8.995653e-01,8.999438e-01,7.153160e-04,-2.147454e-07,1.956983e+01,-8.555034e-03,1.957838e+01,2.175572e+01,1.654000e+02
8.758341e+05,1.013697e+01,1.701313e+02,1.969112e-03,8.995967e-01,8.999420e-01,7.133457e-04,-1.928423e-07,1.954694e+01,-8.555034e-03,1.955550e+01,2.172951e+01,1.652618e+02
8.758441e+05,1.013708e+01,1.801390e+02,2.084942e-03,8.996478e-01,8.999403e-01,7.114562e-04,-1.660216e-07,1.952499e+01,-8.555034e-03,1.953355e+01,2.170388e+01,1.652000e+02
8.758541e+05,1.013720e+01,1.901467e+02,2.200772e-03,8.996570e-01,8.999391e-01,7.100227e-04,-1.526081e-07,1.950834e+01,-8.555034e-03,1.951690e+01,2.168516e+01,1.651496e+02
8.758642e+05,1.013732e+01,2.001544e+02,2.316602e-03,8.996666e-01,8.999376e-01,7.084017e-04,-2.323917e-07,1.948951e+01,-8.555034e-03,1.949807e+01,2.166399e+01,1.650834e+02
8.758742e+05,1.013743e+01,2.101622e+02,2.432432e-03,8.996659e-01,8.999349e-01,7.053712e-04,-2.833219e-07,1.945432e+01,-8.555034e-03,1.946287e+01,2.162489e+01,1.649676e+02
8.758842e+05,1.013755e+01,2.201699e+02,2.548263e-03,8.996682e-01,8.999325e-01,7.027309e-04,-2.810252e-07,1.942365e+01,-8.555034e-03,1.943220e+01,2.159074e+01,1.649000e+02
8.758942e+05,1.013766e+01,2.301776e+02,2.664093e-03,8.996724e-01,8.999298e-01,6.997464e-04,-2.878649e-07,1.938898e+01,-8.555034e-03,1.939754e+01,2.155211e+01,1.647718e+02
8.759042e+05,1.013778e+01,2.401853e+02,2.779923e-03,8.996549e-01,8.999273e-01,6.969691e-04,-2.169380e-07,1.935672e+01,-8.555034e-03,1.936528e+01,2.151667e+01,1.647000e+02
8.759142e+05,1.013790e+01,2.501931e+02,2.895753e-03,8.996998e-01,8.999259e-01,6.954043e-04,-1.553054e-07,1.933855e+01,-8.555034e-03,1.934710e+01,2.149540e+01,1.646521e+02
8.759242e+05,1.013801e+01,2.602008e+02,3.011583e-03,8.997324e-01,8.999245e-01,6.938606e-04,-2.369359e-07,1.932062e+01,-8.555034e-03,1.932917e+01,2.147469e+01,1.645768e+02
8.759342e+05,1.013813e+01,2.702085e+02,3.127413e-03,8.996610e-01,8.999216e-01,6.906619e-04,-3.118446e-07,1.928346e+01,-8.555034e-03,1.929202e+01,2.143510e+01,1.644000e+02
8.759442e+05,1.013824e+01,2.802162e+02,3.243243e-03,8.996973e-01,8.999189e-01,6.876189e-04,-2.991732e-07,1.924812e+01,-8.555034e-03,1.925667e+01,2.139495e+01,1.643568e+02
8.759542e+05,1.013836e+01,2.902239e+02,3.359073e-03,8.997309e-01,8.999162e-01,6.846738e-04,-3.150468e-07,1.921391e+01,-8.555034e-03,1.922247e+01,2.135613e+01,1.642409e+02
8.759642e+05,1.013847e+01,3.002317e+02,3.474903e-03,8.998010e-01,8.999132e-01,6.813131e-04,-2.535682e-07,1.917488e+01,-8.555034e-03,1.918343e+01,2.131108e+01,1.641251e+02
8.759742e+05,1.013859e+01,3.102394e+02,3.590734e-03,8.997656e-01,8.999117e-01,6.795985e-04,-1.521076e-07,1.915496e+01,-8.555034e-03,1.916352e+01,2.128979e+01,1.641000e+02
8.759842e+05,1.013871e+01,3.202471e+02,3.706564e-03,8.996981e-01,8.999105e-01,6.782686e-04,-1.881554e-07,1.913952e+01,-8.555034e-03,1.914807e+01,2.127422e+01,1.640934e+02
8.759943e+05,1.013882e+01,3.302548e+02,3.822394e-03,8.996897e-01,8.999083e-01,6.758325e-04,-2.231117e-07,1.911122e+01,-8.555034e-03,1.911978e+01,2.124297e+01,1.640000e+02
8.760043e+05,1.013894e+01,3.402625e+02,3.938224e-03,8.996210e-01,8.999065e-01,6.738029e-04,-1.811429e-07,1.908765e+01,-8.555034e-03,1.909620e+01,2.121839e+01,1.640000e+02
8.760143e+05,1.013905e+01,3.502703e+02,4.054054e-03,8.995890e-01,8.999050e-01,6.722069e-04,-1.299775e-07,1.906911e+01,-8.555034e-03,1.907766e+01,2.119853e+01,1.640000e+02
8.760243e+05,1.013917e+01,3.602780e+02,4.169884e-03,8.996302e-01,8.999041e-01,6.712014e-04,-6.113516e-08,1.905743e+01,-4.129612e-03,1.906156e+01,2.118409e+01,1.640000e+02
8.760343e+05,1.013929e+01,3.702857e+02,4.285714e-03,8.996114e-01,8.999039e-01,6.709832e-04,-1.089953e-08,1.905490e+01,-4.936457e-03,1.905983e+01,2.118180e+01,1.640000e+02
8.760443e+05,1.013940e+01,3.802934e+02,4.401544e-03,8.995792e-01,8.999039e-01,6.709832e-04,6.288193e-09,1.905490e+01,-8.555034e-03,1.906345e+01,2.118297e+01,1.640000e+02
8.760543e+05,1.013952e+01,3.903012e+02,4.517375e-03,8.996690e-01,8.999040e-01,6.711091e-04,4.515584e-08,1.905636e+01,-8.555034e-03,1.906491e+01,2.118248e+01,1.640174e+02
8.760643e+05,1.013963e+01,4.003089e+02,4.633205e-03,8.997427e-01,8.999047e-01,6.718870e-04,7.028223e-08,1.906539e+01,-8.555034e-03,1.907395e+01,2.119078e+01,1.641000e+02
8.760743e+05,1.013975e+01,4.103166e+02,4.749035e-03,8.997427e-01,8.999053e-01,6.725158e-04,8.053797e-08,1.907270e+01,-8.555034e-03,1.908125e+01,2.119890e+01,1.641981e+02
8.760843e+05,1.013986e+01,4.203243e+02,4.864865e-03,8.996114e-01,8.999062e-01,6.734990e-04,1.120051e-07,1.908412e+01,-8.555034e-03,1.909267e+01,2.121469e+01,1.643000e+02
8.760943e+05,1.013998e+01,4.303320e+02,4.980695e-03,8.995902e-01,8.999073e-01,6.747576e-04,8.653393e-08,1.909874e+01,-8.555034e-03,1.910729e+01,2.123144e+01,1.643807e+02
8.761043e+05,1.014010e+01,4.403398e+02,5.096525e-03,8.995905e-01,8.999077e-01,6.752311e-04,4.557947e-08,1.910423e+01,-8.555034e-03,1.911279e+01,2.123755e+01,1.644000e+02
8.761143e+05,1.014021e+01,4.503475e+02,5.212355e-03,8.995882e-01,8.999081e-01,6.756699e-04,8.500012e-08,1.910933e+01,-8.555034e-03,1.911789e+01,2.124327e+01,1.644124e+02
8.761244e+05,1.014033e+01,4.603552e+02,5.328185e-03,8.996971e-01,8.999093e-01,6.769324e-04,1.065676e-07,1.912400e+01,-8.555034e-03,1.913255e+01,2.125699e+01,1.645282e+02
8.761344e+05,1.014044e+01,4.703629e+02,5.444015e-03,8.997817e-01,8.999101e-01,6.778029e-04,1.063762e-07,1.913411e+01,-8.555034e-03,1.914266e+01,2.126623e+01,1.646000e+02
8.761444e+05,1.014056e+01,4.803707e+02,5.559846e-03,8.997743e-01,8.999112e-01,6.790615e-04,1.053338e-07,1.914873e+01,-8.555034e-03,1.915728e+01,2.128265e+01,1.646598e+02
8.761544e+05,1.014068e+01,4.903784e+02,5.675676e-03,8.998056e-01,8.999120e-01,6.799112e-04,7.800095e-08,1.915859e+01,-8.555034e-03,1.916715e+01,2.129288e+01,1.647000e+02
8.761644e+05,1.014079e+01,5.003861e+02,5.791506e-03,8.998006e-01,8.999126e-01,6.806228e-04,6.982575e-08,1.916686e+01,-8.555034e-03,1.917541e+01,2.130218e+01,1.647000e+02
8.761744e+05,1.014091e+01,5.103938e+02,5.907336e-03,8.997851e-01,8.999132e-01,6.813088e-04,4.059966e-08,1.917483e+01,-8.555034e-03,1.918338e+01,2.131140e+01,1.647073e+02
8.761844e+05,1.014102e+01,5.204015e+02,6.023166e-03,8.997732e-01,8.999133e-01,6.814354e-04,3.781923e-08,1.917630e+01,-8.555034e-03,1.918485e+01,2.131332e+01,1.648000e+02
8.761944e+05,1.014114e+01,5.304093e+02,6.138996e-03,8.997131e-01,8.999139e-01,6.820658e-04,6.292818e-08,1.918362e+01,-8.555034e-03,1.919217e+01,2.132288e+01,1.648390e+02
8.762044e+05,1.014125e+01,5.404170e+02,6.254826e-03,8.997388e-01,8.999145e-01,6.826949e-04,6.304383e-08,1.919093e+01,-8.555034e-03,1.919948e+01,2.133039e+01,1.649000e+02
8.762144e+05,1.014137e+01,5.504247e+02,6.370656e-03,8.997357e-01,8.999150e-01,6.833277e-04,6.296819e-08,1.919828e+01,-8.555034e-03,1.920683e+01,2.133864e+01,1.649000e+02
8.762244e+05,1.014149e+01,5.604324e+02,6.486486e-03,8.997783e-01,8.999156e-01,6.839553e-04,4.896594e-08,1.920557e+01,-8.555034e-03,1.921412e+01,2.134573e+01,1.649865e+02
8.762344e+05,1.014160e+01,5.704402e+02,6.602317e-03,8.997207e-01,8.999159e-01,6.843077e-04,3.094001e-08,1.920966e+01,-8.555034e-03,1.921821e+01,2.135165e+01,1.650000e+02
8.762444e+05,1.014172e+01,5.804479e+02,6.718147e-03,8.996604e-01,8.999162e-01,6.845745e-04,2.250203e-08,1.921276e+01,-8.555034e-03,1.922131e+01,2.135652e+01,1.650000e+02
8.762545e+05,1.014183e+01,5.904556e+02,6.833977e-03,8.996546e-01,8.999163e-01,6.847581e-04,2.699533e-08,1.921489e+01,-8.555034e-03,1.922345e+01,2.135903e+01,1.650000e+02
8.762645e+05,1.014195e+01,6.004633e+02,6.949807e-03,8.996979e-01,8.999166e-01,6.851149e-04,4.157822e-08,1.921903e+01,-8.555034e-03,1.922759e+01,2.136261e+01,1.650498e+02
8.762745e+05,1.014207e+01,6.104710e+02,7.065637e-03,8.998453e-01,8.999171e-01,6.855903e-04,3.619151e-08,1.922456e+01,-8.555034e-03,1.923311e+01,2.136524e+01,1.651000e+02
8.762845e+05,1.014218e+01,6.204788e+02,7.181467e-03,8.998545e-01,8.999173e-01,6.858392e-04,-1.830307e-08,1.922745e+01,-8.555034e-03,1.923600e+01,2.136824e+01,1.651815e+02
8.762945e+05,1.014230e+01,6.304865e+02,7.297297e-03,8.998373e-01,8.999167e-01,6.852240e-04,-6.318684e-08,1.922030e+01,-8.555034e-03,1.922886e+01,2.136070e+01,1.652000e+02
8.763045e+05,1.014241e+01,6.404942e+02,7.413127e-03,8.998100e-01,8.999162e-01,6.845745e-04,-4.035039e-08,1.921276e+01,-8.555034e-03,1.922131e+01,2.135297e+01,1.652000e+02
8.763145e+05,1.014253e+01,6.505019e+02,7.528958e-03,8.996928e-01,8.999160e-01,6.844164e-04,-1.506855e-08,1.921092e+01,-8.555034e-03,1.921948e+01,2.135371e+01,1.652000e+02
8.763245e+05,1.014264e+01,6.605097e+02,7.644788e-03,8.997434e-01,8.999159e-01,6.842729e-04,7.903086e-09,1.920926e+01,-8.555034e-03,1.921781e+01,2.135066e+01,1.652000e+02
8.763345e+05,1.014276e+01,6.705174e+02,7.760618e-03,8.997013e-01,8.999162e-01,6.845745e-04,-5.795599e-09,1.921276e+01,-8.555034e-03,1.922131e+01,2.135555e+01,1.652606e+02
8.763445e+05,1.014288e+01,6.805251e+02,7.876448e-03,8.998058e-01,8.999158e-01,6.841569e-04,-3.974738e-08,1.920791e+01,-8.555034e-03,1.921646e+01,2.134768e+01,1.653000e+02
8.763545e+05,1.014299e+01,6.905328e+02,7.992278e-03,8.998575e-01,8.999154e-01,6.837790e-04,-3.563607e-08,1.920352e+01,-8.555034e-03,1.921207e+01,2.134157e+01,1.653461e+02
8.763645e+05,1.014311e+01,7.005405e+02,8.108108e-03,8.998713e-01,8.999151e-01,6.834437e-04,-4.183199e-08,1.919962e+01,-8.555034e-03,1.920818e+01,2.133692e+01,1.654000e+02
8.763745e+05,1.014322e+01,7.105483e+02,8.223938e-03,8.999765e-01,8.999147e-01,6.829417e-04,-2.507915e-08,1.919379e+01,-8.555034e-03,1.920235e+01,2.132794e+01,1.654000e+02
8.763846e+05,1.014334e+01,7.205560e+02,8.339768e-03,8.998718e-01,8.999147e-01,6.829417e-04,0.000000e+00,1.919379e+01,-8.555034e-03,1.920235e+01,2.133043e+01,1.654000e+02
8.763946e+05,1.014346e+01,7.305637e+02,8.455598e-03,8.998918e-01,8.999147e-01,6.829417e-04,0.000000e+00,1.919379e+01,-8.555034e-03,1.920235e+01,2.132995e+01,1.654556e+02
8.764046e+05,1.014357e+01,7.405714e+02,8.571429e-03,8.999177e-01,8.999147e-01,6.829417e-04,-1.190734e-08,1.919379e+01,-8.555034e-03,1.920235e+01,2.132934e+01,1.655000e+02
8.764146e+05,1.014369e+01,7.505792e+02,8.687259e-03,8.999087e-01,8.999145e-01,6.827034e-04,-2.812587e-08,1.919102e+01,-8.555034e-03,1.919958e+01,2.132648e+01,1.655000e+02
8.764246e+05,1.014380e+01,7.605869e+02,8.803089e-03,8.998985e-01,8.999142e-01,6.823787e-04,-4.754347e-08,1.918725e+01,-8.555034e-03,1.919581e+01,2.132253e+01,1.655000e+02
8.764346e+05,1.014392e+01,7.705946e+02,8.918919e-03,8.999300e-01,8.999136e-01,6.817518e-04,-5.345363e-08,1.917997e+01,-8.555034e-03,1.918853e+01,2.131369e+01,1.655000e+02
8.764446e+05,1.014403e+01,7.806023e+02,9.034749e-03,8.998931e-01,8.999132e-01,6.813088e-04,-2.212870e-08,1.917483e+01,-8.555034e-03,1.918338e+01,2.130885e+01,1.655000e+02
8.764546e+05,1.014415e+01,7.906100e+02,9.150579e-03,8.998656e-01,8.999132e-01,6.813088e-04,0.000000e+00,1.917483e+01,-8.555034e-03,1.918338e+01,2.130950e+01,1.655506e+02
8.764646e+05,1.014427e+01,8.006178e+02,9.266409e-03,8.998945e-01,8.999132e-01,6.813088e-04,-5.196470e-08,1.917483e+01,-8.555034e-03,1.918338e+01,2.130881e+01,1.656000e+02
8.764746e+05,1.014438e+01,8.106255e+02,9.382239e-03,8.998784e-01,8.999123e-01,6.802687e-04,-6.318713e-08,1.916275e+01,-8.555034e-03,1.917130e+01,2.129577e+01,1.656000e+02
8.764846e+05,1.014450e+01,8.206332e+02,9.498069e-03,8.998376e-01,8.999121e-01,6.800441e-04,-1.501593e-08,1.916014e+01,-8.555034e-03,1.916869e+01,2.129384e+01,1.656000e+02
8.764946e+05,1.014461e+01,8.306409e+02,9.613900e-03,8.998222e-01,8.999120e-01,6.799682e-04,-2.729212e-08,1.915926e+01,-8.555034e-03,1.916781e+01,2.129322e+01,1.656000e+02
8.765046e+05,1.014473e+01,8.406486e+02,9.729730e-03,8.998670e-01,8.999116e-01,6.794979e-04,-1.106437e-08,1.915379e+01,-8.555034e-03,1.916235e+01,2.128609e+01,1.656000e+02
8.765147e+05,1.014485e+01,8.506564e+02,9.845560e-03,8.998164e-01,8.999118e-01,6.797467e-04,2.729212e-08,1.915668e+01,-8.555034e-03,1.916524e+01,2.129050e+01,1.656456e+02
8.765247e+05,1.014496e+01,8.606641e+02,9.961390e-03,8.999305e-01,8.999121e-01,6.800441e-04,3.570378e-08,1.916014e+01,-8.555034e-03,1.916869e+01,2.129164e+01,1.657000e+02
8.765347e+05,1.014508e+01,8.706718e+02,1.007722e-02,9.001028e-01,8.999125e-01,6.804614e-04,2.699545e-08,1.916498e+01,-8.555034e-03,1.917354e+01,2.129294e+01,1.657000e+02
8.765447e+05,1.014519e+01,8.806795e+02,1.019305e-02,9.000660e-01,8.999126e-01,6.805844e-04,1.178710e-08,1.916641e+01,-8.555034e-03,1.917497e+01,2.129540e+01,1.657000e+02
8.765547e+05,1.014531e+01,8.906873e+02,1.030888e-02,8.999675e-01,8.999127e-01,6.806973e-04,7.689841e-08,1.916772e+01,-8.555034e-03,1.917628e+01,2.129919e+01,1.657089e+02
8.765647e+05,1.014542e+01,9.006950e+02,1.042471e-02,8.998893e-01,8.999139e-01,6.821236e-04,1.452064e-07,1.918429e+01,-8.555034e-03,1.919285e+01,2.131945e+01,1.658000e+02
8.765747e+05,1.014554e+01,9.107027e+02,1.054054e-02,8.999483e-01,8.999153e-01,6.836037e-04,1.580710e-07,1.920148e+01,-8.555034e-03,1.921004e+01,2.133716e+01,1.658000e+02
8.765847e+05,1.014566e+01,9.207104e+02,1.065637e-02,8.999719e-01,8.999168e-01,6.852875e-04,1.705943e-07,1.922104e+01,-8.555034e-03,1.922959e+01,2.135833e+01,1.658564e+02
8.765947e+05,1.014577e+01,9.307181e+02,1.077220e-02,8.999009e-01,8.999184e-01,6.870182e-04,1.330419e-07,1.924114e+01,-8.555034e-03,1.924970e+01,2.138235e+01,1.659000e+02
8.766047e+05,1.014589e+01,9.407259e+02,1.088803e-02,8.999404e-01,8.999192e-01,6.879504e-04,8.151261e-08,1.925197e+01,-8.555034e-03,1.926052e+01,2.139345e+01,1.659440e+02
8.766147e+05,1.014600e+01,9.507336e+02,1.100386e-02,9.000188e-01,8.999198e-01,6.886497e-04,1.534783e-07,1.926009e+01,-8.555034e-03,1.926865e+01,2.140060e+01,1.660000e+02
8.766247e+05,1.014612e+01,9.607413e+02,1.111969e-02,9.000584e-01,8.999220e-01,6.910223e-04,1.691960e-07,1.928765e+01,-8.555034e-03,1.929620e+01,2.143028e+01,1.660000e+02
8.766347e+05,1.014624e+01,9.707490e+02,1.123552e-02,9.000438e-01,8.999229e-01,6.920362e-04,1.032582e-07,1.929943e+01,-8.555034e-03,1.930798e+01,2.144371e+01,1.660000e+02
8.766448e+05,1.014635e+01,9.807568e+02,1.135135e-02,8.999855e-01,8.999238e-01,6.930890e-04,7.093590e-08,1.931166e+01,-8.555034e-03,1.932021e+01,2.145869e+01,1.660000e+02
8.766548e+05,1.014647e+01,9.907645e+02,1.146718e-02,9.000269e-01,8.999241e-01,6.934560e-04,2.729175e-08,1.931592e+01,-8.555034e-03,1.932447e+01,2.146244e+01,1.660000e+02
8.766648e+05,1.014658e+01,1.000772e+03,1.158301e-02,8.999792e-01,8.999243e-01,6.936353e-04,8.956748e-09,1.931800e+01,-8.555034e-03,1.932656e+01,2.146589e+01,1.660000e+02
8.766748e+05,1.014670e+01,1.010780e+03,1.169884e-02,8.999810e-01,8.999243e-01,6.936353e-04,0.000000e+00,1.931800e+01,-8.555034e-03,1.932656e+01,2.146585e+01,1.660000e+02
8.766848e+05,1.014681e+01,1.020788e+03,1.181467e-02,9.000187e-01,8.999243e-01,6.936353e-04,8.234023e-09,1.931800e+01,-8.555034e-03,1.932656e+01,2.146495e+01,1.660000e+02
8.766948e+05,1.014693e+01,1.030795e+03,1.193050e-02,9.001072e-01,8.999245e-01,6.938001e-04,2.699508e-08,1.931991e+01,-8.555034e-03,1.932847e+01,2.146497e+01,1.660000e+02
8.767048e+05,1.014705e+01,1.040803e+03,1.204633e-02,9.000364e-01,8.999248e-01,6.941756e-04,3.572618e-08,1.932428e+01,-8.555034e-03,1.933283e+01,2.147150e+01,1.660000e+02
8.767148e+05,1.014716e+01,1.050811e+03,1.216216e-02,9.000816e-01,8.999251e-01,6.945152e-04,2.729172e-08,1.932822e+01,-8.555034e-03,1.933677e+01,2.147480e+01,1.660000e+02
8.767248e+05,1.014728e+01,1.060819e+03,1.227799e-02,9.001860e-01,8.999253e-01,6.947219e-04,1.032659e-08,1.933062e+01,-8.555034e-03,1.933918e+01,2.147498e+01,1.660000e+02
8.767348e+05,1.014739e+01,1.070826e+03,1.239382e-02,9.001414e-01,8.999253e-01,6.947219e-04,3.493357e-09,1.933062e+01,-5.584378e-03,1.933621e+01,2.147571e+01,1.660000e+02
8.767448e+05,1.014751e+01,1.080834e+03,1.250965e-02,9.000695e-01,8.999253e-01,6.947918e-04,5.002485e-08,1.933143e+01,-2.833770e-03,1.933427e+01,2.147803e+01,1.660097e+02
8.767548e+05,1.014763e+01,1.090842e+03,1.262548e-02,9.000386e-01,8.999262e-01,6.957231e-04,9.813689e-08,1.934225e+01,-8.555034e-03,1.935081e+01,2.149142e+01,1.661000e+02
8.767648e+05,1.014774e+01,1.100849e+03,1.274131e-02,9.000731e-01,8.999271e-01,6.967561e-04,8.304324e-08,1.935425e+01,-8.555034e-03,1.936280e+01,2.150392e+01,1.661000e+02
8.767749e+05,1.014786e+01,1.110857e+03,1.285714e-02,9.001476e-01,8.999277e-01,6.973853e-04,8.274880e-08,1.936156e+01,-8.555034e-03,1.937011e+01,2.151026e+01,1.661571e+02
8.767849e+05,1.014797e+01,1.120865e+03,1.297297e-02,9.001652e-01,8.999286e-01,6.984123e-04,7.810089e-08,1.937349e+01,-8.555034e-03,1.938204e+01,2.152309e+01,1.662730e+02
8.767949e+05,1.014809e+01,1.130873e+03,1.308880e-02,9.002022e-01,8.999291e-01,6.989485e-04,4.321436e-08,1.937971e+01,-8.555034e-03,1.938827e+01,2.152913e+01,1.663000e+02
8.768049e+05,1.014820e+01,1.140880e+03,1.320463e-02,9.002351e-01,8.999294e-01,6.992773e-04,4.957451e-08,1.938353e+01,-8.555034e-03,1.939209e+01,2.153258e+01,1.663046e+02
8.768149e+05,1.014832e+01,1.150888e+03,1.332046e-02,9.001404e-01,8.999300e-01,6.999408e-04,6.193518e-08,1.939124e+01,-8.555034e-03,1.939979e+01,2.154341e+01,1.664000e+02
8.768249e+05,1.014844e+01,1.160896e+03,1.343629e-02,9.001848e-01,8.999305e-01,7.005169e-04,9.921077e-09,1.939793e+01,-8.555034e-03,1.940649e+01,2.154978e+01,1.664363e+02
8.768349e+05,1.014855e+01,1.170903e+03,1.355212e-02,9.002218e-01,8.999302e-01,7.001394e-04,-5.453503e-08,1.939355e+01,-8.555034e-03,1.940210e+01,2.154402e+01,1.664479e+02
8.768449e+05,1.014867e+01,1.180911e+03,1.366795e-02,9.002281e-01,8.999295e-01,6.994254e-04,-4.432189e-08,1.938525e+01,-8.555034e-03,1.939381e+01,2.153466e+01,1.665359e+02
8.768549e+05,1.014878e+01,1.190919e+03,1.378378e-02,9.001577e-01,8.999294e-01,6.992522e-04,4.794468e-09,1.938324e+01,-8.555034e-03,1.939180e+01,2.153411e+01,1.666000e+02
8.768649e+05,1.014890e+01,1.200927e+03,1.389961e-02,9.001152e-01,8.999296e-01,6.995213e-04,2.699493e-08,1.938637e+01,-8.555034e-03,1.939492e+01,2.153860e+01,1.666000e+02
8.768749e+05,1.014902e+01,1.210934e+03,1.401544e-02,9.000639e-01,8.999298e-01,6.997925e-04,1.354958e-08,1.938952e+01,-8.555034e-03,1.939807e+01,2.154333e+01,1.666000e+02
8.768849e+05,1.014913e+01,1.220942e+03,1.413127e-02,8.999645e-01,8.999298e-01,6.997925e-04,-1.271576e-08,1.938952e+01,-6.574597e-03,1.939609e+01,2.154549e+01,1.666000e+02
8.768949e+05,1.014925e+01,1.230950e+03,1.424710e-02,9.000225e-01,8.999296e-01,6.995380e-04,-4.417072e-08,1.938656e+01,-5.205406e-03,1.939177e+01,2.154066e+01,1.666000e+02
8.769050e+05,1.014936e+01,1.240958e+03,1.436293e-02,9.001235e-01,8.999291e-01,6.989084e-04,-4.157077e-08,1.937925e+01,-4.569709e-03,1.938382e+01,2.153005e+01,1.666629e+02
8.769150e+05,1.014948e+01,1.250965e+03,1.447876e-02,9.001395e-01,8.999289e-01,6.987060e-04,-1.011580e-08,1.937690e+01,-4.716409e-03,1.938161e+01,2.152707e+01,1.667000e+02
8.769250e+05,1.014959e+01,1.260973e+03,1.459459e-02,9.001276e-01,8.999289e-01,6.987060e-04,0.000000e+00,1.937690e+01,-8.383886e-03,1.938528e+01,2.152776e+01,1.667000e+02
8.769350e+05,1.014971e+01,1.270981e+03,1.471042e-02,9.001320e-01,8.999289e-01,6.987060e-04,0.000000e+00,1.937690e+01,-2.882670e-03,1.937978e+01,2.152705e+01,1.667000e+02
8.769450e+05,1.014983e+01,1.280988e+03,1.482625e-02,9.000419e-01,8.999289e-01,6.987060e-04,-1.136081e-08,1.937690e+01,-8.555034e-03,1.938545e+01,2.152983e+01,1.667263e+02
8.769550e+05,1.014994e+01,1.290996e+03,1.494208e-02,9.001012e-01,8.999287e-01,6.984786e-04,-1.136081e-08,1.937426e+01,-8.555034e-03,1.938281e+01,2.152548e+01,1.668000e+02
8.769650e+05,1.015006e+01,1.301004e+03,1.505792e-02,9.001847e-01,8.999287e-01,6.984786e-04,1.136081e-08,1.937426e+01,-8.555034e-03,1.938281e+01,2.152348e+01,1.668000e+02
8.769750e+05,1.015017e+01,1.311012e+03,1.517375e-02,9.002139e-01,8.999289e-01,6.987060e-04,1.136081e-08,1.937690e+01,-3.885114e-03,1.938078e+01,2.152520e+01,1.668000e+02
8.769850e+05,1.015029e+01,1.321019e+03,1.528958e-02,9.002002e-01,8.999289e-01,6.987060e-04,2.934409e-09,1.937690e+01,-5.058706e-03,1.938196e+01,2.152566e+01,1.668000e+02
8.769950e+05,1.015041e+01,1.331027e+03,1.540541e-02,9.001948e-01,8.999289e-01,6.987647e-04,5.428652e-08,1.937758e+01,-8.555034e-03,1.938613e+01,2.152693e+01,1.668000e+02
8.770050e+05,1.015052e+01,1.341035e+03,1.552124e-02,9.003111e-01,8.999298e-01,6.997925e-04,5.135211e-08,1.938952e+01,-8.555034e-03,1.939807e+01,2.153741e+01,1.668000e+02
8.770150e+05,1.015064e+01,1.351042e+03,1.563707e-02,9.003024e-01,8.999298e-01,6.997925e-04,1.914350e-08,1.938952e+01,-6.207849e-03,1.939573e+01,2.153736e+01,1.668000e+02
8.770251e+05,1.015075e+01,1.361050e+03,1.575290e-02,9.001967e-01,8.999302e-01,7.001757e-04,5.494734e-08,1.939397e+01,-5.572153e-03,1.939954e+01,2.154476e+01,1.668000e+02
8.770351e+05,1.015087e+01,1.371058e+03,1.586873e-02,9.001901e-01,8.999308e-01,7.008923e-04,4.433903e-08,1.940229e+01,-8.555034e-03,1.941085e+01,2.155450e+01,1.668000e+02
8.770451e+05,1.015098e+01,1.381066e+03,1.598456e-02,9.002155e-01,8.999310e-01,7.010632e-04,8.639418e-09,1.940428e+01,-8.555034e-03,1.941283e+01,2.155609e+01,1.668000e+02
8.770551e+05,1.015110e+01,1.391073e+03,1.610039e-02,9.002468e-01,8.999310e-01,7.010653e-04,3.584618e-08,1.940430e+01,-8.555034e-03,1.941286e+01,2.155537e+01,1.668000e+02
8.770651e+05,1.015122e+01,1.401081e+03,1.621622e-02,9.001410e-01,8.999316e-01,7.017807e-04,9.012452e-08,1.941261e+01,-7.528141e-03,1.942014e+01,2.156702e+01,1.668000e+02
8.770751e+05,1.015133e+01,1.411089e+03,1.633205e-02,9.000988e-01,8.999326e-01,7.028691e-04,9.871690e-08,1.942525e+01,-4.251862e-03,1.942950e+01,2.158172e+01,1.668000e+02
8.770851e+05,1.015145e+01,1.421097e+03,1.644788e-02,9.001137e-01,8.999334e-01,7.037565e-04,1.130726e-07,1.943556e+01,-8.555034e-03,1.944411e+01,2.159329e+01,1.668479e+02
8.770951e+05,1.015156e+01,1.431104e+03,1.656371e-02,9.001979e-01,8.999347e-01,7.051323e-04,1.349556e-07,1.945154e+01,-8.555034e-03,1.946010e+01,2.160902e+01,1.669000e+02
8.771051e+05,1.015168e+01,1.441112e+03,1.667954e-02,9.003304e-01,8.999358e-01,7.064577e-04,1.032115e-07,1.946693e+01,-8.555034e-03,1.947549e+01,2.162294e+01,1.669000e+02
8.771151e+05,1.015180e+01,1.451120e+03,1.679537e-02,9.003587e-01,8.999365e-01,7.071982e-04,7.147319e-08,1.947554e+01,-8.555034e-03,1.948409e+01,2.163181e+01,1.668523e+02
8.771251e+05,1.015191e+01,1.461127e+03,1.691120e-02,9.003524e-01,8.999371e-01,7.078883e-04,9.984395e-08,1.948355e+01,-8.555034e-03,1.949211e+01,2.164086e+01,1.668112e+02
8.771351e+05,1.015203e+01,1.471135e+03,1.702703e-02,9.002717e-01,8.999383e-01,7.091966e-04,1.349550e-07,1.949875e+01,-6.843545e-03,1.950559e+01,2.165949e+01,1.669000e+02
8.771451e+05,1.015214e+01,1.481143e+03,1.714286e-02,9.002443e-01,8.999396e-01,7.105895e-04,1.166270e-07,1.951493e+01,-4.936457e-03,1.951986e+01,2.167792e+01,1.669000e+02
8.771552e+05,1.015226e+01,1.491151e+03,1.725869e-02,9.002779e-01,8.999404e-01,7.115309e-04,7.842742e-08,1.952586e+01,-4.838657e-03,1.953070e+01,2.168924e+01,1.669000e+02
8.771652e+05,1.015237e+01,1.501158e+03,1.737452e-02,9.002850e-01,8.999410e-01,7.121592e-04,3.826935e-08,1.953316e+01,-6.941345e-03,1.954010e+01,2.169741e+01,1.669000e+02
8.771752e+05,1.015249e+01,1.511166e+03,1.749035e-02,9.002571e-01,8.999411e-01,7.122969e-04,8.564875e-09,1.953476e+01,-8.555034e-03,1.954331e+01,2.170004e+01,1.669000e+02
8.771852e+05,1.015261e+01,1.521174e+03,1.760618e-02,9.002247e-01,8.999411e-01,7.123307e-04,2.729122e-08,1.953515e+01,-8.163837e-03,1.954331e+01,2.170121e+01,1.669000e+02
8.771952e+05,1.015272e+01,1.531181e+03,1.772201e-02,9.002563e-01,8.999416e-01,7.128432e-04,2.560528e-08,1.954110e+01,-2.222524e-03,1.954333e+01,2.170640e+01,1.669000e+02
8.772052e+05,1.015284e+01,1.541189e+03,1.783784e-02,9.003482e-01,8.999416e-01,7.128432e-04,0.000000e+00,1.954110e+01,-4.618609e-03,1.954572e+01,2.170445e+01,1.668622e+02
8.772152e+05,1.015295e+01,1.551197e+03,1.795367e-02,9.004445e-01,8.999416e-01,7.128432e-04,-1.896687e-08,1.954110e+01,-5.156506e-03,1.954626e+01,2.170219e+01,1.668000e+02
8.772252e+05,1.015307e+01,1.561205e+03,1.806950e-02,9.003833e-01,8.999413e-01,7.124635e-04,-2.729122e-08,1.953669e+01,-2.222524e-03,1.953892e+01,2.169844e+01,1.667305e+02
8.772352e+05,1.015319e+01,1.571212e+03,1.818533e-02,9.003248e-01,8.999411e-01,7.122969e-04,-2.197798e-08,1.953476e+01,-2.222524e-03,1.953698e+01,2.169770e+01,1.667000e+02
8.772452e+05,1.015330e+01,1.581220e+03,1.830116e-02,9.002828e-01,8.999409e-01,7.120236e-04,-3.626730e-08,1.953158e+01,-2.222524e-03,1.953381e+01,2.169519e+01,1.666494e+02
8.772552e+05,1.015342e+01,1.591228e+03,1.841699e-02,9.002495e-01,8.999404e-01,7.115710e-04,-7.678272e-08,1.952633e+01,-2.222524e-03,1.952855e+01,2.169015e+01,1.666000e+02
8.772652e+05,1.015353e+01,1.601236e+03,1.853282e-02,9.002857e-01,8.999395e-01,7.104868e-04,-1.031876e-07,1.951373e+01,-4.300761e-03,1.951803e+01,2.167552e+01,1.665672e+02
8.772752e+05,1.015365e+01,1.611243e+03,1.864865e-02,9.003214e-01,8.999386e-01,7.095057e-04,-9.902318e-08,1.950234e+01,-5.474354e-03,1.950781e+01,2.166213e+01,1.664514e+02
8.772853e+05,1.015376e+01,1.621251e+03,1.876448e-02,9.002569e-01,8.999377e-01,7.085048e-04,-1.031901e-07,1.949071e+01,-2.222524e-03,1.949293e+01,2.165041e+01,1.663355e+02
8.772953e+05,1.015388e+01,1.631259e+03,1.888031e-02,9.002300e-01,8.999367e-01,7.074403e-04,-1.030888e-07,1.947835e+01,-7.308092e-03,1.948566e+01,2.163789e+01,1.663000e+02
8.773053e+05,1.015400e+01,1.641266e+03,1.899614e-02,9.002284e-01,8.999358e-01,7.064414e-04,-9.986532e-08,1.946675e+01,-8.555034e-03,1.947530e+01,2.162518e+01,1.662519e+02
8.773153e+05,1.015411e+01,1.651274e+03,1.911197e-02,9.002291e-01,8.999349e-01,7.054414e-04,-1.284414e-07,1.945513e+01,-7.797089e-03,1.946293e+01,2.161217e+01,1.661880e+02
8.773253e+05,1.015423e+01,1.661282e+03,1.922780e-02,9.002587e-01,8.999335e-01,7.038706e-04,-1.727570e-07,1.943688e+01,-2.222524e-03,1.943911e+01,2.159058e+01,1.660722e+02
8.773353e+05,1.015434e+01,1.671290e+03,1.934363e-02,9.002959e-01,8.999318e-01,7.019836e-04,-1.564909e-07,1.941497e+01,-4.985357e-03,1.941995e+01,2.156565e+01,1.660000e+02
8.773453e+05,1.015446e+01,1.681297e+03,1.945946e-02,9.003239e-01,8.999307e-01,7.007384e-04,-1.413977e-07,1.940050e+01,-4.789758e-03,1.940529e+01,2.154889e+01,1.659405e+02
8.773553e+05,1.015458e+01,1.691305e+03,1.957529e-02,9.002641e-01,8.999293e-01,6.991535e-04,-3.558737e-08,1.938209e+01,-6.990245e-03,1.938908e+01,2.153012e+01,1.658247e+02
8.773653e+05,1.015469e+01,1.701313e+03,1.969112e-02,9.002341e-01,8.999301e-01,7.000261e-04,2.224578e-07,1.939223e+01,-8.555034e-03,1.940078e+01,2.154227e+01,1.657089e+02
8.773753e+05,1.015481e+01,1.711320e+03,1.980695e-02,9.002223e-01,8.999333e-01,7.036061e-04,1.871084e-06,1.943381e+01,-8.114937e-03,1.944193e+01,2.158869e+01,1.656000e+02
8.773853e+05,1.015492e+01,1.721328e+03,1.992278e-02,9.001734e-01,8.999638e-01,7.374767e-04,3.072880e-06,1.982723e+01,-2.222524e-03,1.982946e+01,2.202626e+01,1.655772e+02
8.773953e+05,1.015504e+01,1.731336e+03,2.003861e-02,9.002198e-01,8.999886e-01,7.651111e-04,2.241917e-06,2.014823e+01,-2.222524e-03,2.015045e+01,2.238170e+01,1.655000e+02
8.774053e+05,1.015515e+01,1.741344e+03,2.015444e-02,9.001818e-01,9.000041e-01,7.823496e-04,3.244004e-06,2.034847e+01,9.653228e-01,1.938315e+01,2.249781e+01,1.654456e+02
8.774154e+05,1.015527e+01,1.751351e+03,2.027027e-02,9.001705e-01,9.000471e-01,8.300413e-04,4.670906e-06,2.090248e+01,1.890735e+00,1.901174e+01,2.301089e+01,1.654000e+02
8.774254e+05,1.015539e+01,1.761359e+03,2.038610e-02,9.001859e-01,9.000883e-01,8.758399e-04,4.315124e-06,2.143452e+01,2.188664e+00,1.924586e+01,2.356853e+01,1.653139e+02
8.774354e+05,1.015550e+01,1.771367e+03,2.050193e-02,9.001824e-01,9.001248e-01,9.164104e-04,6.130005e-06,2.190585e+01,2.529974e+00,1.937587e+01,2.405436e+01,1.652019e+02
8.774454e+05,1.015562e+01,1.781375e+03,2.061776e-02,9.001946e-01,9.001987e-01,9.985347e-04,8.294887e-06,2.285998e+01,3.283820e+00,1.957616e+01,2.503041e+01,1.653000e+02
8.774554e+05,1.015573e+01,1.791382e+03,2.073359e-02,9.001476e-01,9.002743e-01,1.082436e-03,8.056862e-06,2.383484e+01,4.129804e+00,1.970504e+01,2.602070e+01,1.653000e+02
8.774654e+05,1.015585e+01,1.801390e+03,2.084942e-02,9.001830e-01,9.003439e-01,1.159796e-03,6.835888e-06,2.473377e+01,4.648680e+00,2.008510e+01,2.696091e+01,1.653000e+02
8.774754e+05,1.015597e+01,1.811398e+03,2.096525e-02,9.002403e-01,9.003975e-01,1.219260e-03,5.846727e-06,2.542479e+01,6.264194e+00,1.916060e+01,2.754806e+01,1.653653e+02
8.774854e+05,1.015608e+01,1.821405e+03,2.108108e-02,9.002877e-01,9.004493e-01,1.276821e-03,4.988602e-06,2.609374e+01,7.035318e+00,1.905843e+01,2.820458e+01,1.654000e+02
8.774954e+05,1.015620e+01,1.831413e+03,2.119691e-02,9.003286e-01,9.004874e-01,1.319109e-03,4.230301e-06,2.658522e+01,7.351264e+00,1.923395e+01,2.871452e+01,1.654485e+02
8.775054e+05,1.015631e+01,1.841421e+03,2.131274e-02,9.003500e-01,9.005255e-01,1.361493e-03,5.648867e-06,2.707783e+01,7.714298e+00,1.936353e+01,2.922097e+01,1.655255e+02
8.775154e+05,1.015643e+01,1.851429e+03,2.142857e-02,9.002546e-01,9.005892e-01,1.432173e-03,6.756734e-06,2.789937e+01,8.066631e+00,1.983274e+01,3.009678e+01,1.657000e+02
8.775254e+05,1.015654e+01,1.861436e+03,2.154440e-02,9.002323e-01,9.006473e-01,1.496732e-03,6.190954e-06,2.864980e+01,8.516483e+00,2.013332e+01,3.088106e+01,1.657444e+02
8.775354e+05,1.015666e+01,1.871444e+03,2.166023e-02,9.002285e-01,9.007008e-01,1.556088e-03,4.479396e-06,2.933981e+01,8.842648e+00,2.049716e+01,3.161149e+01,1.658000e+02
8.775455e+05,1.015678e+01,1.881452e+03,2.177606e-02,9.002114e-01,9.007281e-01,1.586389e-03,1.683179e-06,2.969206e+01,9.199160e+00,2.049290e+01,3.196370e+01,1.658000e+02
8.775555e+05,1.015689e+01,1.891459e+03,2.189189e-02,9.002542e-01,9.007311e-01,1.589778e-03,2.202819e-07,2.973146e+01,9.514783e+00,2.021667e+01,3.197141e+01,1.658459e+02
8.775655e+05,1.015701e+01,1.901467e+03,2.200772e-02,9.002987e-01,9.007320e-01,1.590798e-03,8.890471e-08,2.974332e+01,9.807330e+00,1.993599e+01,3.195108e+01,1.659000e+02
8.775755e+05,1.015712e+01,1.911475e+03,2.212355e-02,9.002882e-01,9.007327e-01,1.591557e-03,1.007599e-07,2.975214e+01,9.867724e+00,1.988442e+01,3.195445e+01,1.659000e+02
8.775855e+05,1.015724e+01,1.921483e+03,2.223938e-02,9.002622e-01,9.007339e-01,1.592814e-03,1.107567e-07,2.976676e+01,9.867724e+00,1.989904e+01,3.197133e+01,1.659394e+02
8.775955e+05,1.015736e+01,1.931490e+03,2.235521e-02,9.002178e-01,9.007347e-01,1.593774e-03,8.583304e-08,2.977792e+01,9.860718e+00,1.991720e+01,3.198558e+01,1.660000e+02
8.776055e+05,1.015747e+01,1.941498e+03,2.247104e-02,9.001448e-01,9.007354e-01,1.594532e-03,7.192990e-08,2.978674e+01,9.850576e+00,1.993616e+01,3.199830e+01,1.660000e+02
8.776155e+05,1.015759e+01,1.951506e+03,2.258687e-02,9.001309e-01,9.007360e-01,1.595214e-03,6.397159e-08,2.979465e+01,9.843247e+00,1.995141e+01,3.200825e+01,1.660000e+02
8.776255e+05,1.015770e+01,1.961514e+03,2.270270e-02,9.001290e-01,9.007366e-01,1.595813e-03,8.465196e-09,2.980162e+01,9.835897e+00,1.996572e+01,3.201686e+01,1.659973e+02
8.776355e+05,1.015782e+01,1.971521e+03,2.281853e-02,9.002176e-01,9.007362e-01,1.595383e-03,1.000489e-08,2.979662e+01,9.826989e+00,1.996964e+01,3.201011e+01,1.659185e+02
8.776455e+05,1.015793e+01,1.981529e+03,2.293436e-02,9.002904e-01,9.007367e-01,1.596013e-03,4.918450e-08,2.980395e+01,9.812785e+00,1.999116e+01,3.201802e+01,1.660000e+02
8.776555e+05,1.015805e+01,1.991537e+03,2.305019e-02,9.002557e-01,9.007371e-01,1.596367e-03,-1.041358e-10,2.980807e+01,9.805436e+00,2.000263e+01,3.202427e+01,1.660000e+02
8.776655e+05,1.015817e+01,2.001544e+03,2.316602e-02,9.003979e-01,9.007367e-01,1.596011e-03,-2.697074e-08,2.980393e+01,9.793943e+00,2.000998e+01,3.201743e+01,1.660000e+02
8.776756e+05,1.015828e+01,2.011552e+03,2.328185e-02,9.002306e-01,9.007366e-01,1.595828e-03,-2.248153e-08,2.980179e+01,9.789655e+00,2.001214e+01,3.201967e+01,1.660000e+02
8.776856e+05,1.015840e+01,2.021560e+03,2.339768e-02,9.002640e-01,9.007363e-01,1.595561e-03,-2.726713e-08,2.979869e+01,9.783457e+00,2.001524e+01,3.201609e+01,1.660488e+02
8.776956e+05,1.015851e+01,2.031568e+03,2.351351e-02,9.003654e-01,9.007361e-01,1.595282e-03,-1.394940e-08,2.979545e+01,9.776108e+00,2.001934e+01,3.201079e+01,1.661000e+02
8.777056e+05,1.015863e+01,2.041575e+03,2.362934e-02,9.004259e-01,9.007361e-01,1.595282e-03,0.000000e+00,2.979545e+01,9.768152e+00,2.002730e+01,3.201018e+01,1.661000e+02
8.777156e+05,1.015875e+01,2.051583e+03,2.374517e-02,9.004615e-01,9.007361e-01,1.595282e-03,0.000000e+00,2.979545e+01,9.762207e+00,2.003324e+01,3.200995e+01,1.661000e+02
8.777256e+05,1.015886e+01,2.061591e+03,2.386100e-02,9.003438e-01,9.007361e-01,1.595282e-03,-4.850482e-08,2.979545e+01,9.758336e+00,2.003711e+01,3.201329e+01,1.661000e+02
8.777356e+05,1.015898e+01,2.071598e+03,2.397683e-02,9.002541e-01,9.007352e-01,1.594311e-03,-7.576284e-08,2.978416e+01,9.750987e+00,2.003317e+01,3.200379e+01,1.661000e+02
8.777456e+05,1.015909e+01,2.081606e+03,2.409266e-02,9.002095e-01,9.007347e-01,1.593765e-03,-4.189176e-08,2.977782e+01,9.746578e+00,2.003124e+01,3.199833e+01,1.661000e+02
8.777556e+05,1.015921e+01,2.091614e+03,2.420849e-02,9.001699e-01,9.007345e-01,1.593473e-03,-1.463374e-08,2.977441e+01,9.743172e+00,2.003124e+01,3.199591e+01,1.661000e+02
8.777656e+05,1.015932e+01,2.101622e+03,2.432432e-02,9.003171e-01,9.007345e-01,1.593473e-03,-1.094899e-08,2.977441e+01,9.741629e+00,2.003278e+01,3.199244e+01,1.661000e+02
8.777756e+05,1.015944e+01,2.111629e+03,2.444015e-02,9.003412e-01,9.007343e-01,1.593253e-03,-4.236670e-08,2.977187e+01,9.736828e+00,2.003504e+01,3.198955e+01,1.661402e+02
8.777856e+05,1.015956e+01,2.121637e+03,2.455598e-02,9.003630e-01,9.007337e-01,1.592625e-03,-8.223994e-08,2.976456e+01,9.733314e+00,2.003124e+01,3.198128e+01,1.662000e+02
8.777956e+05,1.015967e+01,2.131645e+03,2.467181e-02,9.003597e-01,9.007328e-01,1.591607e-03,-8.987787e-08,2.975273e+01,9.730552e+00,2.002218e+01,3.196853e+01,1.662000e+02
8.778057e+05,1.015979e+01,2.141653e+03,2.478764e-02,9.003365e-01,9.007321e-01,1.590826e-03,-7.047285e-08,2.974364e+01,9.730552e+00,2.001309e+01,3.195901e+01,1.662000e+02
8.778157e+05,1.015990e+01,2.151660e+03,2.490347e-02,9.003343e-01,9.007315e-01,1.590197e-03,-5.773699e-08,2.973633e+01,9.730331e+00,2.000600e+01,3.195097e+01,1.662000e+02
8.778257e+05,1.016002e+01,2.161668e+03,2.501931e-02,9.002707e-01,9.007310e-01,1.589670e-03,-2.631978e-08,2.973021e+01,9.724207e+00,2.000600e+01,3.194641e+01,1.662000e+02
8.778357e+05,1.016014e+01,2.171676e+03,2.513514e-02,9.003047e-01,9.007310e-01,1.589670e-03,-1.842843e-08,2.973021e+01,9.724207e+00,2.000600e+01,3.194557e+01,1.662000e+02
8.778457e+05,1.016025e+01,2.181683e+03,2.525097e-02,9.003790e-01,9.007307e-01,1.589301e-03,-9.060079e-08,2.972592e+01,9.720973e+00,2.000495e+01,3.193933e+01,1.662510e+02
8.778557e+05,1.016037e+01,2.191691e+03,2.536680e-02,9.003330e-01,9.007294e-01,1.587857e-03,-1.215209e-07,2.970913e+01,9.717862e+00,1.999126e+01,3.192216e+01,1.663000e+02
8.778657e+05,1.016048e+01,2.201699e+03,2.548263e-02,9.003846e-01,9.007285e-01,1.586869e-03,-6.745777e-08,2.969764e+01,9.717862e+00,1.997978e+01,3.190814e+01,1.663000e+02
8.778757e+05,1.016060e+01,2.211707e+03,2.559846e-02,9.003391e-01,9.007282e-01,1.586506e-03,-3.580646e-08,2.969343e+01,9.714739e+00,1.997869e+01,3.190492e+01,1.663000e+02
8.778857e+05,1.016071e+01,2.221714e+03,2.571429e-02,9.002776e-01,9.007279e-01,1.586152e-03,-4.081526e-08,2.968931e+01,9.711517e+00,1.997779e+01,3.190222e+01,1.663000e+02
8.778957e+05,1.016083e+01,2.231722e+03,2.583012e-02,9.002747e-01,9.007274e-01,1.585689e-03,-3.564628e-08,2.968393e+01,9.711517e+00,1.997241e+01,3.189632e+01,1.663000e+02
8.779057e+05,1.016095e+01,2.241730e+03,2.594595e-02,9.003236e-01,9.007272e-01,1.585439e-03,-4.392906e-08,2.968102e+01,9.711517e+00,1.996950e+01,3.189187e+01,1.663000e+02
8.779157e+05,1.016106e+01,2.251737e+03,2.606178e-02,9.003535e-01,9.007267e-01,1.584810e-03,-6.632160e-08,2.967371e+01,9.711517e+00,1.996219e+01,3.188302e+01,1.663618e+02
8.779257e+05,1.016118e+01,2.261745e+03,2.617761e-02,9.003684e-01,9.007260e-01,1.584111e-03,-7.165429e-08,2.966558e+01,9.711517e+00,1.995407e+01,3.187363e+01,1.664000e+02
8.779358e+05,1.016129e+01,2.271753e+03,2.629344e-02,9.004162e-01,9.007254e-01,1.583376e-03,-3.881504e-08,2.965704e+01,9.711517e+00,1.994552e+01,3.186296e+01,1.664000e+02
8.779458e+05,1.016141e+01,2.281761e+03,2.640927e-02,9.004230e-01,9.007253e-01,1.583334e-03,4.687240e-09,2.965655e+01,9.703103e+00,1.995345e+01,3.186319e+01,1.664000e+02
8.779558e+05,1.016153e+01,2.291768e+03,2.652510e-02,9.004635e-01,9.007254e-01,1.583470e-03,1.593272e-08,2.965813e+01,9.703103e+00,1.995502e+01,3.186394e+01,1.664000e+02
8.779658e+05,1.016164e+01,2.301776e+03,2.664093e-02,9.004045e-01,9.007256e-01,1.583653e-03,-6.768805e-09,2.966026e+01,9.700507e+00,1.995975e+01,3.186805e+01,1.664000e+02
8.779758e+05,1.016176e+01,2.311784e+03,2.675676e-02,9.003875e-01,9.007253e-01,1.583334e-03,1.088466e-07,2.965655e+01,9.696759e+00,1.995979e+01,3.186476e+01,1.664000e+02
8.779858e+05,1.016187e+01,2.321792e+03,2.687259e-02,9.003846e-01,9.007276e-01,1.585832e-03,6.076976e-07,2.968559e+01,9.701364e+00,1.998422e+01,3.189657e+01,1.664000e+02
8.779958e+05,1.016199e+01,2.331799e+03,2.698842e-02,9.003123e-01,9.007363e-01,1.595498e-03,1.066309e-06,2.979796e+01,9.703103e+00,2.009485e+01,3.202297e+01,1.664442e+02
8.780058e+05,1.016210e+01,2.341807e+03,2.710425e-02,9.002557e-01,9.007468e-01,1.607174e-03,1.325961e-06,2.993371e+01,9.702834e+00,2.023087e+01,3.217520e+01,1.665000e+02
8.780158e+05,1.016222e+01,2.351815e+03,2.722008e-02,9.004705e-01,9.007602e-01,1.622037e-03,6.180242e-07,3.010650e+01,9.696759e+00,2.040974e+01,3.236240e+01,1.665201e+02
8.780258e+05,1.016234e+01,2.361822e+03,2.733591e-02,9.005838e-01,9.007579e-01,1.619544e-03,-4.284924e-07,3.007752e+01,9.699037e+00,2.037848e+01,3.232712e+01,1.666000e+02
8.780358e+05,1.016245e+01,2.371830e+03,2.745174e-02,9.005471e-01,9.007525e-01,1.613461e-03,-4.340548e-07,3.000679e+01,9.662677e+00,2.034412e+01,3.225352e+01,1.666000e+02
8.780458e+05,1.016257e+01,2.381838e+03,2.756757e-02,9.005491e-01,9.007501e-01,1.610857e-03,-7.600519e-08,2.997652e+01,9.572216e+00,2.040430e+01,3.222984e+01,1.666000e+02
8.780558e+05,1.016268e+01,2.391846e+03,2.768340e-02,9.005975e-01,9.007511e-01,1.611940e-03,1.170975e-07,2.998911e+01,9.508160e+00,2.048095e+01,3.224967e+01,1.666000e+02
8.780659e+05,1.016280e+01,2.401853e+03,2.779923e-02,9.006214e-01,9.007522e-01,1.613200e-03,1.036334e-07,3.000376e+01,9.454359e+00,2.054941e+01,3.227128e+01,1.666000e+02
8.780759e+05,1.016292e+01,2.411861e+03,2.791506e-02,9.006417e-01,9.007530e-01,1.614014e-03,5.521757e-08,3.001322e+01,8.592065e+00,2.142116e+01,3.237639e+01,1.666000e+02
8.780859e+05,1.016303e+01,2.421869e+03,2.803089e-02,9.004969e-01,9.007532e-01,1.614306e-03,-3.369195e-08,3.001661e+01,7.928367e+00,2.208825e+01,3.245732e+01,1.666000e+02
8.780959e+05,1.016315e+01,2.431876e+03,2.814672e-02,9.005863e-01,9.007524e-01,1.613339e-03,-1.159886e-07,3.000538e+01,7.140747e+00,2.286463e+01,3.252936e+01,1.666467e+02
8.781059e+05,1.016326e+01,2.441884e+03,2.826255e-02,9.006795e-01,9.007511e-01,1.611984e-03,-9.871640e-08,2.998962e+01,6.409004e+00,2.358062e+01,3.258993e+01,1.667000e+02
8.781159e+05,1.016338e+01,2.451892e+03,2.837838e-02,9.007368e-01,9.007506e-01,1.611364e-03,-4.678983e-08,2.998241e+01,6.032720e+00,2.394969e+01,3.262172e+01,1.667000e+02
8.781259e+05,1.016349e+01,2.461900e+03,2.849421e-02,9.008004e-01,9.007503e-01,1.611048e-03,-1.384391e-08,2.997874e+01,5.742996e+00,2.423574e+01,3.264767e+01,1.667000e+02
8.781359e+05,1.016361e+01,2.471907e+03,2.861004e-02,9.010621e-01,9.007503e-01,1.611087e-03,1.942358e-08,2.997919e+01,5.029613e+00,2.494958e+01,3.271869e+01,1.667000e+02
8.781459e+05,1.016373e+01,2.481915e+03,2.872587e-02,9.012683e-01,9.007506e-01,1.611436e-03,-3.659975e-08,2.998326e+01,4.334241e+00,2.564901e+01,3.279304e+01,1.667000e+02
8.781559e+05,1.016384e+01,2.491923e+03,2.884170e-02,9.014729e-01,9.007497e-01,1.610354e-03,-1.171069e-07,2.997067e+01,3.513828e+00,2.645684e+01,3.286229e+01,1.667000e+02
8.781659e+05,1.016396e+01,2.501931e+03,2.895753e-02,9.016979e-01,9.007485e-01,1.609092e-03,-1.482116e-08,2.995601e+01,2.306581e+00,2.764942e+01,3.297031e+01,1.667000e+02
8.781759e+05,1.016407e+01,2.511938e+03,2.907336e-02,9.021027e-01,9.007494e-01,1.610057e-03,1.182970e-07,2.996722e+01,1.303030e+00,2.866419e+01,3.307790e+01,1.667000e+02
8.781859e+05,1.016419e+01,2.521946e+03,2.918919e-02,9.025368e-01,9.007507e-01,1.611460e-03,9.011244e-08,2.998353e+01,5.284346e-01,2.945510e+01,3.316433e+01,1.667000e+02
8.781960e+05,1.016431e+01,2.531954e+03,2.930502e-02,9.027383e-01,9.007510e-01,1.611861e-03,-1.090539e-09,2.998819e+01,3.304626e-01,2.965773e+01,3.318354e+01,1.667000e+02
8.782060e+05,1.016442e+01,2.541961e+03,2.942085e-02,9.029230e-01,9.007506e-01,1.611438e-03,-1.399016e-07,2.998328e+01,2.002228e-01,2.978306e+01,3.318538e+01,1.667000e+02
8.782160e+05,1.016454e+01,2.551969e+03,2.953668e-02,9.030813e-01,9.007485e-01,1.609061e-03,-3.039868e-08,2.995564e+01,1.000637e-01,2.985557e+01,3.315974e+01,1.667367e+02
8.782260e+05,1.016465e+01,2.561977e+03,2.965251e-02,9.032274e-01,9.007501e-01,1.610830e-03,1.527099e-07,2.997620e+01,2.521717e-02,2.995099e+01,3.318518e+01,1.668000e+02
8.782360e+05,1.016477e+01,2.571985e+03,2.976834e-02,9.034163e-01,9.007513e-01,1.612117e-03,1.867176e-08,2.999117e+01,1.944666e-02,2.997173e+01,3.319543e+01,1.668000e+02
8.782460e+05,1.016488e+01,2.581992e+03,2.988417e-02,9.034342e-01,9.007504e-01,1.611204e-03,-4.060366e-08,2.998055e+01,1.677331e-02,2.996378e+01,3.318330e+01,1.668000e+02
8.782560e+05,1.016500e+01,2.592000e+03,3.000000e-02,9.035132e-01,9.007505e-01,1.611305e-03,1.009514e-08,2.998172e+01,1.677331e-02,2.996495e+01,3.318170e+01,1.668000e+02
